<metadata>
 <document uri="file:///home/etapadmin/Masa&#x25;C3&#x25;BCst&#x25;C3&#x25;BC/google-chrome.desktop" atime="1665925506575">
  <entry key="gedit-encoding" value="UTF-8"/>
  <entry key="gedit-spell-language" value="en_US"/>
  <entry key="gedit-position" value="6581"/>
 </document>
 <document uri="file:///home/ogretmen/.cinnamon/configs/grouped-window-list&#x40;cinnamon.org/2.json" atime="1666727740794">
  <entry key="gedit-position" value="0"/>
 </document>
 <document uri="file:///home/etapadmin/.local/share/keyrings/.keyring" atime="1665925923552">
  <entry key="gedit-encoding" value="UTF-8"/>
  <entry key="gedit-spell-language" value="en_US"/>
  <entry key="gedit-position" value="79"/>
 </document>
 <document uri="file:///home/etapadmin/.local/share/keyrings/anahtar.keyring" atime="1665926051416">
  <entry key="gedit-position" value="0"/>
 </document>
 <document uri="file:///home/etapadmin/.local/share/keyrings/&#x25;C3&#x25;96ntan&#x25;C4&#x25;B1ml&#x25;C4&#x25;B1_anahtarl&#x25;C4&#x25;B1k.keyring" atime="1665925714208">
  <entry key="gedit-position" value="0"/>
 </document>
 <document uri="file:///home/etapadmin/.local/share/keyrings/default" atime="1665926018906">
  <entry key="gedit-encoding" value="UTF-8"/>
  <entry key="gedit-spell-language" value="en_US"/>
  <entry key="gedit-position" value="7"/>
 </document>
</metadata>
