{
    "menu-command": {
        "type": "entry",
        "default": "/usr/bin/eta-menu",
        "description": "Çalıştırılacak komut",
        "value": "/usr/bin/eta-menu"
    },
    "use-icon": {
        "type": "checkbox",
        "default": true,
        "description": "Simge göster",
        "value": true
    },
    "icon-name": {
        "type": "iconfilechooser",
        "default": "start-here",
        "description": "Simge",
        "dependency": "use-icon",
        "value": "start-here"
    },
    "icon-size": {
        "type": "spinbutton",
        "default": 32,
        "min": 16,
        "max": 96,
        "step": 1,
        "units": "px",
        "description": "Simge boyutu (px)",
        "dependency": "use-icon",
        "value": 52.0
    },
    "use-label": {
        "type": "checkbox",
        "default": true,
        "description": "Metin göster",
        "value": false
    },
    "label-text": {
        "type": "entry",
        "default": "Menu",
        "description": "Metin",
        "dependency": "use-label",
        "value": "Menu"
    },
    "overlay-key": {
        "type": "keybinding",
        "description": "Keyboard shortcut to open and close the menu",
        "default": "Super_L::Super_R",
        "value": "Super_L::Super_R"
    },
    "__md5__": "13be4f43134c6a0c15e92ead21aafcfb"
}