{"Adapta": {"spices-id": "Adapta", "name": "Adapta", "description": "A light theme based on Material Design Guidelines. Cinnamon, Metacity, GTK2, GTK3.18, & GTK3.22 themes are included.", "score": 26, "created": 1524322204, "last_edited": 1640073609, "last_commit": "ca5c67128af8a917edaecc181eea0c36753b5cd4", "last_commit_subject": "Adapta update 211221 (#725)", "file": "/files/themes/Adapta.zip", "file_size": 1792925, "screenshot": "/files/themes/Adapta.png", "author_id": "0", "author_user": "smurphos"}, "Adapta-Nokto": {"spices-id": "Adapta-Nokto", "name": "Adapta-Nokto", "description": "A dark theme based on Material Design Guidelines. Cinnamon, Metacity, GTK2, GTK3.18, & GTK3.22 themes are included.", "score": 106, "created": 1524322205, "last_edited": 1640073609, "last_commit": "ca5c67128af8a917edaecc181eea0c36753b5cd4", "last_commit_subject": "Adapta update 211221 (#725)", "file": "/files/themes/Adapta-Nokto.zip", "file_size": 1810237, "screenshot": "/files/themes/Adapta-Nokto.png", "author_id": "0", "author_user": "smurphos"}, "Adara": {"spices-id": "Adara", "name": "Adara", "description": "Just a neutral theme.", "score": 14, "created": 1524255304, "last_edited": 1559933339, "last_commit": "5b68add5932cf6007188b228faedb858d7e806a4", "last_commit_subject": "Update Adara (#575)", "file": "/files/themes/Adara.zip", "file_size": 1446502, "screenshot": "/files/themes/Adara.png", "author_id": "0", "author_user": "germanfr"}, "Adara-Dark": {"spices-id": "Adara-Dark", "name": "Adara Dark", "description": "Just a neutral theme.", "score": 17, "created": 1524673804, "last_edited": 1559933339, "last_commit": "5b68add5932cf6007188b228faedb858d7e806a4", "last_commit_subject": "Update Adara (#575)", "file": "/files/themes/Adara-Dark.zip", "file_size": 1582686, "screenshot": "/files/themes/Adara-Dark.png", "author_id": "0", "author_user": "germanfr"}, "Ambiance-Crunchy": {"spices-id": "Ambiance-Crunchy", "name": "Ambiance Crunchy", "description": "It\\'s an Ambiance like theme available in orange, blue, grey and green.", "score": 2, "created": 1484754656, "last_edited": 1510381459, "last_commit": "48032891c9c8dbf173f90c1cf2e7cab7fc745ca1", "last_commit_subject": "Ambiance-Crunchy: Cleanup info.json (#276)", "file": "/files/themes/Ambiance-Crunchy.zip", "file_size": 202203, "screenshot": "/files/themes/Ambiance-Crunchy.png", "author_id": "0", "author_user": "frombenny"}, "Ambiance-Minty": {"spices-id": "Ambiance-Minty", "name": "Ambiance Minty", "description": "Old Minty with Ubuntu Orange over Mint Green (Cinnamon Theme Only)", "score": 1, "created": 1502308802, "last_edited": 1524156693, "last_commit": "bf499ab95a2d0694160dc35b3b3fdd7db65fce35", "last_commit_subject": "Add License Value (#409)", "file": "/files/themes/Ambiance-Minty.zip", "file_size": 62024, "screenshot": "/files/themes/Ambiance-Minty.png", "author_id": "0", "author_user": "feren"}, "Baldr": {"spices-id": "Baldr", "name": "Baldr", "description": "The ultimate light theme for Cinnamon", "score": 5, "created": 1484754656, "last_edited": 1613250455, "last_commit": "fb125f66e89876d5fd0b07d9399b79df34b9f393", "last_commit_subject": "[Baldr] Swap height for padding to allow for... (#680)", "file": "/files/themes/Baldr.zip", "file_size": 178186, "screenshot": "/files/themes/Baldr.png", "author_id": "0", "author_user": "none"}, "BelaLugosi": {"spices-id": "BelaLugosi", "name": "BelaLugosi", "description": "A straightforward default-cinnamon-but-darker panel theme, with red-tinged panels and popups, matched with a dark window theme. Left and Right panels are inset at top and bottom. The overall effect is part dark, with light window panels but all header and control bars dark.", "score": 4, "created": 1485715502, "last_edited": 1577633117, "last_commit": "0a88b732248878070f61efacf18caeffd2a4aa9b", "last_commit_subject": "BelaLugosi: removed hard coded font", "file": "/files/themes/BelaLugosi.zip", "file_size": 575901, "screenshot": "/files/themes/BelaLugosi.png", "author_id": "0", "author_user": "brownsr"}, "Blue-mint": {"spices-id": "Blue-mint", "name": "Blue mint", "description": "A theme based on the Linux Mint and Wave themes", "score": 5, "created": 1484754657, "last_edited": 1618350551, "last_commit": "e991d9b03d3a6a46a99217206eaab626ec3cb77d", "last_commit_subject": "Add menu-category-button-hover class for use in cinnamenu (#699)", "file": "/files/themes/Blue-mint.zip", "file_size": 880092, "screenshot": "/files/themes/Blue-mint.png", "author_id": "0", "author_user": "none"}, "CBlack": {"spices-id": "CBlack", "name": "CBlack", "description": "The theme is based on Linux Mint Dark and includes the gtk/gtk+ theme.", "score": 54, "created": 1484754657, "last_edited": 1624305235, "last_commit": "47c13c675f58c85765604ba1a99ab33aed416c11", "last_commit_subject": "Update: Cblack V3.1.0 Theme (#704)", "file": "/files/themes/CBlack.zip", "file_size": 378496, "screenshot": "/files/themes/CBlack.png", "author_id": "0", "author_user": "cloweling"}, "CBlack-Remix": {"spices-id": "CBlack-Remix", "name": "CBlack-Remix", "description": "Theme based on the official theme with Arc, recolored to match arc-dark", "score": 8, "created": 1525521604, "last_edited": 1530771271, "last_commit": "7ab6948a04ed7df412f03251ca7afc3f51a578e9", "last_commit_subject": "Fix CBlack themes notification-button class (#428)", "file": "/files/themes/CBlack-Remix.zip", "file_size": 277931, "screenshot": "/files/themes/CBlack-Remix.png", "author_id": "0", "author_user": "cloweling, vanov"}, "CBlue": {"spices-id": "CBlue", "name": "CBlue", "description": "A semi-transparent Cinnamon theme, with wallpaper + Firefox extra and Conky (see \\'more info\\' for details). Inspired by the CBlack theme.", "score": 25, "created": 1545168905, "last_edited": 1643307764, "last_commit": "51b801946f5341ebcc49c682ddb99006df1037aa", "last_commit_subject": "Theme update: modification of the calendar (Cinnamon 5.2) and notifications (#729)", "file": "/files/themes/CBlue.zip", "file_size": 2446703, "screenshot": "/files/themes/CBlue.png", "author_id": "0", "author_user": "Bundy01"}, "CGreen": {"spices-id": "CGreen", "name": "CGreen", "description": "A semi-transparent Cinnamon theme, with  Firefox extra and Conky (see \\'more info\\' for details). Inspired by the CBlack theme.", "score": 6, "created": 1565119203, "last_edited": 1643307764, "last_commit": "51b801946f5341ebcc49c682ddb99006df1037aa", "last_commit_subject": "Theme update: modification of the calendar (Cinnamon 5.2) and notifications (#729)", "file": "/files/themes/CGreen.zip", "file_size": 108087, "screenshot": "/files/themes/CGreen.png", "author_id": "0", "author_user": "Bundy01"}, "Carta": {"spices-id": "Carta", "name": "Carta", "description": "Theme inspired by Sam Hewitt\\'s Paper Theme (https://snwh.org/paper)", "score": 27, "created": 1488697203, "last_edited": 1614373530, "last_commit": "7659e6f7de86b598113f671e833791e86363da47", "last_commit_subject": "Fix for menu applet (#689)", "file": "/files/themes/Carta.zip", "file_size": 1346358, "screenshot": "/files/themes/Carta.png", "author_id": "0", "author_user": "andr35"}, "Chinvat": {"spices-id": "Chinvat", "name": "Chinvat", "description": "This theme is missing an info.json", "score": 1, "created": 1523560504, "last_edited": 1523559785, "last_commit": "f7d2665bbda5d5f3d8fbf426163a063032ea6b40", "last_commit_subject": "Chinvat (#388)", "file": "/files/themes/Chinvat.zip", "file_size": 1152395, "screenshot": "/files/themes/Chinvat.png", "author_id": "0", "author_user": "Unknown"}, "ChromeOS": {"spices-id": "ChromeOS", "name": "Chrome OS", "description": "Flat theme emulating the Chrome OS overall feel & look", "score": 4, "created": 1484754658, "last_edited": 1569180239, "last_commit": "9965b15bbf364c0382eba47a91ea4c20e3d6782b", "last_commit_subject": "ChromeOS - update theme to reflect current upstream (#592)", "file": "/files/themes/ChromeOS.zip", "file_size": 731553, "screenshot": "/files/themes/ChromeOS.png", "author_id": "0", "author_user": "elbullazul"}, "Cinnamox-Aubergine": {"spices-id": "Cinnamox-Aubergine", "name": "Cinnamox-Aubergine", "description": "Cinnamox-Aubergine features a deep purple colour scheme and light text. Cinnamon, Metacity, GTK2, GTK3.18 and GTK3.20+ themes are included along with several interactive bash scripts to allow end-users to tweak theme characteristics.", "score": 3, "created": 1518594305, "last_edited": 1640533757, "last_commit": "098257f838e1ab8ccec44bd8cf7a92f50e942d11", "last_commit_subject": "Cinnamox update 211221 (#726)", "file": "/files/themes/Cinnamox-Aubergine.zip", "file_size": 560131, "screenshot": "/files/themes/Cinnamox-Aubergine.png", "author_id": "0", "author_user": "smurphos"}, "Cinnamox-Gold-Spice": {"spices-id": "Cinnamox-Gold-Spice", "name": "Cinnamox-Gold-Spice", "description": "Cinnamox-Gold-Spice features a brown and golden orange colour scheme and light text. Cinnamon, Metacity, GTK2, GTK3.18 and GTK3.20+ themes are included along with several interactive bash scripts to allow end-users to tweak theme characteristics.", "score": 11, "created": 1503816004, "last_edited": 1640533757, "last_commit": "098257f838e1ab8ccec44bd8cf7a92f50e942d11", "last_commit_subject": "Cinnamox update 211221 (#726)", "file": "/files/themes/Cinnamox-Gold-Spice.zip", "file_size": 558878, "screenshot": "/files/themes/Cinnamox-Gold-Spice.png", "author_id": "0", "author_user": "smurphos"}, "Cinnamox-Heather": {"spices-id": "Cinnamox-Heather", "name": "Cinnamox-Heather", "description": "Cinnamox-Heather features a pale blue colour scheme and dark text. Cinnamon, Metacity, GTK2, GTK3.18 and GTK3.20+ themes are included along with several interactive bash scripts to allow end-users to tweak theme characteristics.", "score": 6, "created": 1518594305, "last_edited": 1640533757, "last_commit": "098257f838e1ab8ccec44bd8cf7a92f50e942d11", "last_commit_subject": "Cinnamox update 211221 (#726)", "file": "/files/themes/Cinnamox-Heather.zip", "file_size": 566040, "screenshot": "/files/themes/Cinnamox-Heather.png", "author_id": "0", "author_user": "smurphos"}, "Cinnamox-Kashmir-Blue": {"spices-id": "Cinnamox-Kashmir-Blue", "name": "Cinnamox-Kashmir-Blue", "description": "Cinnamox-Kashmir-Blue features a soothing blue colour scheme and light text. Cinnamon, Metacity, GTK2, GTK3.18 and GTK3.20+ themes are included along with several interactive bash scripts to allow end-users to tweak theme characteristics.", "score": 23, "created": 1503816004, "last_edited": 1640533757, "last_commit": "098257f838e1ab8ccec44bd8cf7a92f50e942d11", "last_commit_subject": "Cinnamox update 211221 (#726)", "file": "/files/themes/Cinnamox-Kashmir-Blue.zip", "file_size": 562467, "screenshot": "/files/themes/Cinnamox-Kashmir-Blue.png", "author_id": "0", "author_user": "smurphos"}, "Cinnamox-Rhino": {"spices-id": "Cinnamox-Rhino", "name": "Cinnamox-Rhino", "description": "Cinnamox-Rhino features a deep grey colour scheme and light text. Cinnamon, Metacity, GTK2, GTK3.18 and GTK3.20+ themes are included along with several interactive bash scripts to allow end-users to tweak theme characteristics.", "score": 17, "created": 1503816004, "last_edited": 1640533757, "last_commit": "098257f838e1ab8ccec44bd8cf7a92f50e942d11", "last_commit_subject": "Cinnamox update 211221 (#726)", "file": "/files/themes/Cinnamox-Rhino.zip", "file_size": 555894, "screenshot": "/files/themes/Cinnamox-Rhino.png", "author_id": "0", "author_user": "smurphos"}, "Cinnamox-Rosso-Cursa": {"spices-id": "Cinnamox-Rosso-Cursa", "name": "Cinnamox-Rosso-Cursa", "description": "Cinnamox-Rosso-Cursa features an exciting red colour scheme and light text. Cinnamon, Metacity, GTK2, GTK3.18 and GTK3.20+ themes are included along with several interactive bash scripts to allow end-users to tweak theme characteristics.", "score": 3, "created": 1518594305, "last_edited": 1640533757, "last_commit": "098257f838e1ab8ccec44bd8cf7a92f50e942d11", "last_commit_subject": "Cinnamox update 211221 (#726)", "file": "/files/themes/Cinnamox-Rosso-Cursa.zip", "file_size": 551566, "screenshot": "/files/themes/Cinnamox-Rosso-Cursa.png", "author_id": "0", "author_user": "smurphos"}, "Cinnamox-Willow-Grove": {"spices-id": "Cinnamox-Willow-Grove", "name": "Cinnamox-Willow-Grove", "description": "Cinnamox-Willow-Grove features a soothing green colour scheme and light text. Cinnamon, Metacity, GTK2, GTK3.18 and GTK3.20+ themes are included along with several interactive bash scripts to allow end-users to tweak theme characteristics.", "score": 14, "created": 1503816004, "last_edited": 1640533757, "last_commit": "098257f838e1ab8ccec44bd8cf7a92f50e942d11", "last_commit_subject": "Cinnamox update 211221 (#726)", "file": "/files/themes/Cinnamox-Willow-Grove.zip", "file_size": 561029, "screenshot": "/files/themes/Cinnamox-Willow-Grove.png", "author_id": "0", "author_user": "smurphos"}, "Discreet-Flat": {"spices-id": "Discreet-Flat", "name": "Discreet Flat", "description": "A dark theme designed to get the best out of flat design, without harming usability", "score": 17, "created": 1484754659, "last_edited": 1564807830, "last_commit": "327c42dd90af368aeabd5b0c9938561f73302e22", "last_commit_subject": "Fix invisible sound bar (#582)", "file": "/files/themes/Discreet-Flat.zip", "file_size": 938850, "screenshot": "/files/themes/Discreet-Flat.png", "author_id": "0", "author_user": "getkey"}, "Divo": {"spices-id": "Divo", "name": "Divo", "description": "A light panel theme with dark highlighting", "score": 7, "created": 1544903705, "last_edited": 1579283559, "last_commit": "930cb597c527e23fd8172ba53c8d10f00add18b2", "last_commit_subject": "Divo: increase gradient for active windows in window list (#609)", "file": "/files/themes/Divo.zip", "file_size": 723062, "screenshot": "/files/themes/Divo.png", "author_id": "0", "author_user": "brownsr"}, "Eleganse": {"spices-id": "Eleganse", "name": "Eleganse", "description": "Lightweight and transparent theme", "score": 23, "created": 1487518803, "last_edited": 1543686541, "last_commit": "10b5b528fa0795409065d14da9b588fa4d8e980c", "last_commit_subject": "Eleganse: update for Cinnamon 4.0 (#491)", "file": "/files/themes/Eleganse.zip", "file_size": 96569, "screenshot": "/files/themes/Eleganse.png", "author_id": "0", "author_user": "none"}, "Eleganse-dark": {"spices-id": "Eleganse-dark", "name": "Eleganse-dark", "description": "A dark theme with elegant appeal", "score": 25, "created": 1484754659, "last_edited": 1506321478, "last_commit": "47c82c6b6afbc7ab6be244aa6addb9dc258d8803", "last_commit_subject": "Eleganse-dark: info.json, screenshot.png update, README.md creation (#257)", "file": "/files/themes/Eleganse-dark.zip", "file_size": 252267, "screenshot": "/files/themes/Eleganse-dark.png", "author_id": "0", "author_user": "praveenp"}, "Facebook": {"spices-id": "Facebook", "name": "Facebook", "description": "A theme, which looks like Facebook", "score": 5, "created": 1484754660, "last_edited": 1619331569, "last_commit": "4e6da12dd355b712a430040169dbd9f46780b713", "last_commit_subject": "Add .menu-category-button-hover{} class for.. (#701)", "file": "/files/themes/Facebook.zip", "file_size": 350160, "screenshot": "/files/themes/Facebook.png", "author_id": "0", "author_user": "none"}, "Faded-Dream": {"spices-id": "Faded-Dream", "name": "Faded-Dream", "description": "Faded-Dream is a simple yet elegant theme designed to bring a clean glass-like transparency to the Cinnamon desktop.", "score": 18, "created": 1592220303, "last_edited": 1639400435, "last_commit": "a67f5615b576df668974583ee38394cadb0f8290", "last_commit_subject": "Update info.json (#723)", "file": "/files/themes/Faded-Dream.zip", "file_size": 339140, "screenshot": "/files/themes/Faded-Dream.png", "author_id": "0", "author_user": "aaron-dev-git"}, "Faience": {"spices-id": "Faience", "name": "Faience+", "description": "A dark panel theme with light menus and blue highlighting", "score": 6, "created": 1485100802, "last_edited": 1618162739, "last_commit": "7232c4d1b16d78c85fa26003c0779223fdc1dacb", "last_commit_subject": "create menu-category-button-hover class... (#697)", "file": "/files/themes/Faience.zip", "file_size": 755079, "screenshot": "/files/themes/Faience.png", "author_id": "0", "author_user": "none"}, "Fresh-Cinnamon": {"spices-id": "Fresh-Cinnamon", "name": "Fresh Cinnamon", "description": "Refreshing Teal Semi Transparent Theme", "score": 2, "created": 1600291505, "last_edited": 1600291224, "last_commit": "f35f2a64efff15dd5fd819de9147c07918c0da3e", "last_commit_subject": "Fresh Cinnamon Teal Refreshing Theme (#657)", "file": "/files/themes/Fresh-Cinnamon.zip", "file_size": 612704, "screenshot": "/files/themes/Fresh-Cinnamon.png", "author_id": "0", "author_user": "bomdia"}, "Glass-Mint-Classic": {"spices-id": "Glass-Mint-Classic", "name": "Glass-Glass-Mint-Classic", "description": "Semi-transparent theme with Mint colors and classic borders.", "score": 4, "created": 1484754661, "last_edited": 1614116776, "last_commit": "81ee66a7c1af4a5c2b43278890ddd464e39622af", "last_commit_subject": "feature(Glass-Mint-Classic): update fonts to be responsive to system font, minor widgets updates (#684)", "file": "/files/themes/Glass-Mint-Classic.zip", "file_size": 156651, "screenshot": "/files/themes/Glass-Mint-Classic.png", "author_id": "0", "author_user": "vlad1777d"}, "Graphite-One": {"spices-id": "Graphite-One", "name": "Graphite-One", "description": "Dark gradient theme. Monochrome applet mouseover. Applet details are also monochrome. Monochrome menu wording that uses only shadow highlighting for comfortable menu scrolling.  Credit to theme Double Down by Frankula and Dewman 12. Credit to theme Ant-Dracula for some GTK control buttons. Theme Graphite-Zero is a green-tinged version of this.", "score": 10, "created": 1509828904, "last_edited": 1601314328, "last_commit": "e28bba27211ffc3afa6a02e7410886a4b0d01036", "last_commit_subject": "Graphite: update screenshots (#668)", "file": "/files/themes/Graphite-One.zip", "file_size": 852190, "screenshot": "/files/themes/Graphite-One.png", "author_id": "0", "author_user": "brownsr"}, "Graphite-Zero": {"spices-id": "Graphite-Zero", "name": "Graphite-Zero", "description": "Dark gradient theme. Green tinged applet mouseover. Monochrome menu wording that uses only shadow highlighting for comfortable menu scrolling.  Credit to theme Double Down by Frankula and Dewman 12. Credit to theme Ant-Dracula for some GTK control buttons. Theme Graphite-One is a completely monochrome version of this.", "score": 10, "created": 1488101103, "last_edited": 1601314328, "last_commit": "e28bba27211ffc3afa6a02e7410886a4b0d01036", "last_commit_subject": "Graphite: update screenshots (#668)", "file": "/files/themes/Graphite-Zero.zip", "file_size": 827857, "screenshot": "/files/themes/Graphite-Zero.png", "author_id": "0", "author_user": "brownsr"}, "Jade-1": {"spices-id": "Jade-1", "name": "Jade-1", "description": "A fork of Adwaita with dark menus, light panels and mintgreen color accents.", "score": 20, "created": 1495389302, "last_edited": 1611730348, "last_commit": "e2bb58ab6dd3ce8f7b041c84d035dbb83a23b14d", "last_commit_subject": "Jade 1 (#677)", "file": "/files/themes/Jade-1.zip", "file_size": 985606, "screenshot": "/files/themes/Jade-1.png", "author_id": "0", "author_user": "madmaxms"}, "Jade-1-Blue": {"spices-id": "Jade-1-Blue", "name": "Jade-1", "description": "A fork of Adwaita with dark menus, light panels and blue color accents.", "score": 7, "created": 1586070604, "last_edited": 1611730348, "last_commit": "e2bb58ab6dd3ce8f7b041c84d035dbb83a23b14d", "last_commit_subject": "Jade 1 (#677)", "file": "/files/themes/Jade-1-Blue.zip", "file_size": 1013607, "screenshot": "/files/themes/Jade-1-Blue.png", "author_id": "0", "author_user": "madmaxms"}, "Jet-Gray": {"spices-id": "Jet-Gray", "name": "Jet-Gray", "description": "Mid grey panels and menus with jet black highlighting", "score": 8, "created": 1484754662, "last_edited": 1520108099, "last_commit": "c711bd41964144477edc98c585adca5673b2f362", "last_commit_subject": "jet-Gray: update for cinnamon 3.8 (#342)", "file": "/files/themes/Jet-Gray.zip", "file_size": 672165, "screenshot": "/files/themes/Jet-Gray.png", "author_id": "0", "author_user": "none"}, "Kiss-Kool-Viper": {"spices-id": "Kiss-Kool-Viper", "name": "Kiss-Kool-Viper", "description": "A dark theme with subtle texture", "score": 3, "created": 1484754662, "last_edited": 1520160054, "last_commit": "420d1b71c3083024a18fe2c5917c40d4269a1caf", "last_commit_subject": "Kiss-Kool-Viper: update for Cinnamon 3.8 (#344)", "file": "/files/themes/Kiss-Kool-Viper.zip", "file_size": 2412809, "screenshot": "/files/themes/Kiss-Kool-Viper.png", "author_id": "0", "author_user": "none"}, "LM-Light-Panel": {"spices-id": "LM-Light-Panel", "name": "LM-Light-Panel", "description": "Linux Mint theme with reversed panel colors, slightly improved composition, and menu edits.", "score": 0, "created": 1523912103, "last_edited": 1524599577, "last_commit": "52e553904648bffc5b1526108efcc6bdc5a8a33a", "last_commit_subject": "Issue #402: LM-Light-Panel: Add license to info.json (#415)", "file": "/files/themes/LM-Light-Panel.zip", "file_size": 125674, "screenshot": "/files/themes/LM-Light-Panel.png", "author_id": "0", "author_user": "smilesbright"}, "Loki": {"spices-id": "Loki", "name": "Loki", "description": "Lean, mean and dark theme for Cinnamon", "score": 7, "created": 1484754663, "last_edited": 1580550386, "last_commit": "05383646347c77f157c88e463c0e12c791bdb0d3", "last_commit_subject": "Loki: remove hard coded font sizes (#611)", "file": "/files/themes/Loki.zip", "file_size": 942869, "screenshot": "/files/themes/Loki.png", "author_id": "0", "author_user": "none"}, "MGSE-Unity": {"spices-id": "MGSE-Unity", "name": "MGSE-Unity", "description": "This theme is missing an info.json", "score": 2, "created": 1523560504, "last_edited": 1523559785, "last_commit": "f7d2665bbda5d5f3d8fbf426163a063032ea6b40", "last_commit_subject": "Chinvat (#388)", "file": "/files/themes/MGSE-Unity.zip", "file_size": 88546, "screenshot": "/files/themes/MGSE-Unity.png", "author_id": "0", "author_user": "Unknown"}, "Metallic_Cyan": {"spices-id": "Metallic_Cyan", "name": "Metallic_Cyan", "description": "", "score": 12, "created": 1501182603, "last_edited": 1502606702, "last_commit": "d3521d2bf3b0c221b978254c1b4f29469b7c529a", "last_commit_subject": "Metallic cyan1.1 (#218)", "file": "/files/themes/Metallic_Cyan.zip", "file_size": 1021614, "screenshot": "/files/themes/Metallic_Cyan.png", "author_id": "0", "author_user": "karthikbhupathy13"}, "Mint-X-Dark": {"spices-id": "Mint-X-Dark", "name": "Mint-X-Dark", "description": "Dark theme in Mint-X style", "score": 8, "created": 1506004804, "last_edited": 1511080137, "last_commit": "8a6b43c18475863c2e3fee0d336c4f5e7d438e49", "last_commit_subject": "Mint-X-Dark: Change URL color  (#281)", "file": "/files/themes/Mint-X-Dark.zip", "file_size": 146959, "screenshot": "/files/themes/Mint-X-Dark.png", "author_id": "0", "author_user": "Shatur95"}, "Mint-XP": {"spices-id": "Mint-XP", "name": "Mint-XP (GTK3, GTK2 and metacity included)", "description": "A theme for XP fans", "score": 5, "created": 1485100803, "last_edited": 1520167525, "last_commit": "b23b3c1ed3baa59dcb45364545270db5ba65b7f7", "last_commit_subject": "Mint-XP: update for cinnamon 3.8 (#348)", "file": "/files/themes/Mint-XP.zip", "file_size": 500806, "screenshot": "/files/themes/Mint-XP.png", "author_id": "0", "author_user": "fmcgorenc"}, "Minty": {"spices-id": "Minty", "name": "Minty", "description": "Minty is a Cinnamon theme with some flavour of Linux Mint", "score": 4, "created": 1484754665, "last_edited": 1520367770, "last_commit": "ad4c978ae3a73584a99d3ce6a168319f023ea34f", "last_commit_subject": "Minty: adapt for Cinnamon 3.8 (#364)", "file": "/files/themes/Minty.zip", "file_size": 100899, "screenshot": "/files/themes/Minty.png", "author_id": "0", "author_user": "none"}, "Monternos": {"spices-id": "Monternos", "name": "Monternos", "description": "This theme is based on the iOS-X theme (https://cinnamon-spices.linuxmint.com/themes/view/iOS-X). With a new base panel and other small differences.", "score": 4, "created": 1578075004, "last_edited": 1578227055, "last_commit": "d4006261c56023165d275d3b8ae13fdeeb571e28", "last_commit_subject": "Monternos: updated metainfo (#607)", "file": "/files/themes/Monternos.zip", "file_size": 3768643, "screenshot": "/files/themes/Monternos.png", "author_id": "0", "author_user": "Keimeno"}, "Moonstone": {"spices-id": "Moonstone", "name": "Moonstone", "description": "Fork of the elegant Mint-Y-Dark theme for Cinnamon Desktop Environment using transparent UI elements.", "score": 13, "created": 1628233804, "last_edited": 1628582263, "last_commit": "715f7a089e64869b9b1340719c7ede1bc902740b", "last_commit_subject": "Moonstone: fix readme manual install section, add index.theme (#711)", "file": "/files/themes/Moonstone.zip", "file_size": 838037, "screenshot": "/files/themes/Moonstone.png", "author_id": "0", "author_user": "Mario-paul"}, "New-Minty": {"spices-id": "New-Minty", "name": "New-Minty (with joined menus)", "description": "This is a fork of the New-Minty theme with some variations. Original author: zagortenary333 (https://zagortenay333.deviantart.com/)", "score": 41, "created": 1484754665, "last_edited": 1545335907, "last_commit": "a9ecdb4e8346b031f3014fefd930867ff0897f1c", "last_commit_subject": "Update New-Minty (with joined menus) (#523)", "file": "/files/themes/New-Minty.zip", "file_size": 565687, "screenshot": "/files/themes/New-Minty.png", "author_id": "0", "author_user": "germanfr"}, "Numix-Cinnamon-Semi-Transparent": {"spices-id": "Numix-Cinnamon-Semi-Transparent", "name": "Numix Cinnamon SemiTransparent", "description": "Semi-Transparent version of Numix-Cinnamon-Transparent Theme from edoz90 with support for grouped windows list", "score": 28, "created": 1576605003, "last_edited": 1606468325, "last_commit": "bb744a1b3249722e8f0fb11c1fd6fdf4ec3748b1", "last_commit_subject": "Little fix for weird looking glass effect on some surface (#675)", "file": "/files/themes/Numix-Cinnamon-Semi-Transparent.zip", "file_size": 950459, "screenshot": "/files/themes/Numix-Cinnamon-Semi-Transparent.png", "author_id": "0", "author_user": "bomdia"}, "Numix-Cinnamon-Transparent": {"spices-id": "Numix-Cinnamon-Transparent", "name": "Numix Cinnamon Transparent", "description": "Transparent version of Numix-Cinnamon Theme from zagortenay333 with shorter window list\\'s tab.", "score": 31, "created": 1484754666, "last_edited": 1604823159, "last_commit": "8a5bfb32cb58f86c5fd074d7fbb8938911eaf5d6", "last_commit_subject": "Adjust height value in .menu-selected-app-box (#673)", "file": "/files/themes/Numix-Cinnamon-Transparent.zip", "file_size": 464250, "screenshot": "/files/themes/Numix-Cinnamon-Transparent.png", "author_id": "0", "author_user": "none"}, "Obsidian": {"spices-id": "Obsidian", "name": "Obsidian", "description": "Fork of the elegant Mint-Y-Dark theme for Cinnamon Desktop Environment using transparency and dark UI elements.", "score": 10, "created": 1628582406, "last_edited": 1628582263, "last_commit": "715f7a089e64869b9b1340719c7ede1bc902740b", "last_commit_subject": "Moonstone: fix readme manual install section, add index.theme (#711)", "file": "/files/themes/Obsidian.zip", "file_size": 997508, "screenshot": "/files/themes/Obsidian.png", "author_id": "0", "author_user": "Mario-paul"}, "Orchidea": {"spices-id": "Orchidea", "name": "Orchidea", "description": "A dark theme inspired by vinceliuice\\'s Orchis Theme (https://github.com/vinceliuice/Orchis-theme)", "score": 15, "created": 1615538103, "last_edited": 1627777875, "last_commit": "83ad4c98223b27e24ab872db36e2738469ed8f49", "last_commit_subject": "Limit border-radius of.. (#708)", "file": "/files/themes/Orchidea.zip", "file_size": 88038, "screenshot": "/files/themes/Orchidea.png", "author_id": "0", "author_user": "andr35"}, "Photocopy": {"spices-id": "Photocopy", "name": "Photocopy", "description": "A theme with dark photocopier background on panels, menus and popups. Blue highlight on hover. A little margin around the menus to take them just off the panel. Fast animations", "score": 4, "created": 1487424903, "last_edited": 1577632713, "last_commit": "7684064c4e30a2736ccfe9f6d1a09baf58eb9a1b", "last_commit_subject": "Photocopy: remove hard coded font", "file": "/files/themes/Photocopy.zip", "file_size": 854197, "screenshot": "/files/themes/Photocopy.png", "author_id": "0", "author_user": "brownsr"}, "Pragmatic-Darker-Blue": {"spices-id": "Pragmatic-Darker-Blue", "name": "Pragmatic-Darker-Blue", "description": "Classic Mint-Y theme in blue colors", "score": 7, "created": 1538940604, "last_edited": 1622615332, "last_commit": "dd05e2d732bdd0ec9b110ebe2ccb2c1132adf90e", "last_commit_subject": "Pragmatic-Darker-Blue: fixed GTK-3.22 tooltip font color for dark theme (#702)", "file": "/files/themes/Pragmatic-Darker-Blue.zip", "file_size": 630595, "screenshot": "/files/themes/Pragmatic-Darker-Blue.png", "author_id": "0", "author_user": "voronovim"}, "Railway": {"spices-id": "Railway", "name": "Railway", "description": "For those who like Doors 8 style, in spite of everything.", "score": 19, "created": 1488225302, "last_edited": 1524683894, "last_commit": "a5a0473925bcd766caf0e46859a169d52a3ff863", "last_commit_subject": "Update Railway (#419)", "file": "/files/themes/Railway.zip", "file_size": 1534472, "screenshot": "/files/themes/Railway.png", "author_id": "0", "author_user": "germanfr"}, "Serena": {"spices-id": "Serena", "name": "Serena", "description": "Theme based on dark-void", "score": 2, "created": 1484754667, "last_edited": 1509644293, "last_commit": "c078e66a55e5ae8bbd95ee7d329f6f95acaa19c2", "last_commit_subject": "Themes by @freemangilgamesh (#258)", "file": "/files/themes/Serena.zip", "file_size": 90381, "screenshot": "/files/themes/Serena.png", "author_id": "0", "author_user": "freemangilgamesh"}, "Silk": {"spices-id": "Silk", "name": "Silk", "description": "Simple flat theme", "score": 9, "created": 1484754667, "last_edited": 1509644293, "last_commit": "c078e66a55e5ae8bbd95ee7d329f6f95acaa19c2", "last_commit_subject": "Themes by @freemangilgamesh (#258)", "file": "/files/themes/Silk.zip", "file_size": 340977, "screenshot": "/files/themes/Silk.png", "author_id": "0", "author_user": "freemangilgamesh"}, "SimpleDock": {"spices-id": "SimpleDock", "name": "SimpleDock", "description": "Simple centre zone dark dock to left, right and bottom, with adjacent right and left zones transparent.  Derived from Graphite Zero (see credits there), with reduced rounding and menu border.  Suggest setting the \\'dock\\' panel to autohide or intelligent hide if you want the \\'dock\\' not to constrain the space for windows.  Please note that this does not bring all the functionality that a full blown dock would, it is still a standard panel", "score": 8, "created": 1545429904, "last_edited": 1601314328, "last_commit": "e28bba27211ffc3afa6a02e7410886a4b0d01036", "last_commit_subject": "Graphite: update screenshots (#668)", "file": "/files/themes/SimpleDock.zip", "file_size": 825203, "screenshot": "/files/themes/SimpleDock.png", "author_id": "0", "author_user": "brownsr"}, "Spearmint-Leaf": {"spices-id": "Spearmint-Leaf", "name": "Spearmint Leaf", "description": "The goal of this theme was to combine Spearmint theme by razor020 with MintLeaf theme by luisrafaelgalvez and this is the result", "score": 4, "created": 1487540703, "last_edited": 1577636732, "last_commit": "868566795daf627c4abc71fc764c4543547e3212", "last_commit_subject": "Fonts2912: remove some hard coded fonts (#605)", "file": "/files/themes/Spearmint-Leaf.zip", "file_size": 831438, "screenshot": "/files/themes/Spearmint-Leaf.png", "author_id": "0", "author_user": "none"}, "Spider-Void": {"spices-id": "Spider-Void", "name": "Spider-Void", "description": "Spider-Void is a dramatic theme for Cinnamon", "score": 11, "created": 1487230802, "last_edited": 1580571017, "last_commit": "4415cb998c491bdc356504d57cbcdfc3828ca015", "last_commit_subject": "Spider-Void: permit scaling with font size (#615)", "file": "/files/themes/Spider-Void.zip", "file_size": 2112544, "screenshot": "/files/themes/Spider-Void.png", "author_id": "0", "author_user": "none"}, "Thunderbolt": {"spices-id": "Thunderbolt", "name": "Thunderbolt", "description": "This theme is based mainly on the artwork and colors of the Atolm Gnome Sehell theme and my previous Tomcat theme.", "score": 6, "created": 1486840802, "last_edited": 1547201740, "last_commit": "61d45a1a97fba626842c6b99202a081596eaeb97", "last_commit_subject": "Revert \"Add new theme: Warthog (#544)\" (#545)", "file": "/files/themes/Thunderbolt.zip", "file_size": 3146116, "screenshot": "/files/themes/Thunderbolt.png", "author_id": "0", "author_user": "Radek71"}, "Tomcat": {"spices-id": "Tomcat", "name": "Tomcat", "description": "Based mainly on default Cinnamon theme and nice GNOME Shell - Atolm theme", "score": 3, "created": 1488127203, "last_edited": 1510381531, "last_commit": "6b02f3c077ea5e270ee3dcf8725f85c4e9e749da", "last_commit_subject": "Themes by @Radek71 (#271)", "file": "/files/themes/Tomcat.zip", "file_size": 239856, "screenshot": "/files/themes/Tomcat.png", "author_id": "0", "author_user": "Radek71"}, "Tyr-himinn": {"spices-id": "Tyr-himinn", "name": "Tyr himinn", "description": "Simple and sleek theme for Cinnamon in two variants: green (jord) and blue (himinn)", "score": 17, "created": 1484754669, "last_edited": 1612805835, "last_commit": "8c3e82ddfa7aeb944e1c8290bfc361f0b0c8a124", "last_commit_subject": "[Tyr-himinn] Swap height for padding to allow for (#679)", "file": "/files/themes/Tyr-himinn.zip", "file_size": 409229, "screenshot": "/files/themes/Tyr-himinn.png", "author_id": "0", "author_user": "none"}, "Tyr-jord": {"spices-id": "Tyr-jord", "name": "Tyr jord", "description": "Simple and sleek theme for Cinnamon in two variants: green (jord) and blue (himinn)", "score": 14, "created": 1484754669, "last_edited": 1614373509, "last_commit": "1696ec30c74e301111679b1a79746f0a85b4708f", "last_commit_subject": "swap height property for padding to allow... (#687)", "file": "/files/themes/Tyr-jord.zip", "file_size": 379087, "screenshot": "/files/themes/Tyr-jord.png", "author_id": "0", "author_user": "none"}, "Ubuntu-touch": {"spices-id": "Ubuntu-touch", "name": "Ubuntu-touch", "description": "Loaded at the request of the author from https://www.opendesktop.org/s/Cinnamon/p/1012724/", "score": 7, "created": 1497975902, "last_edited": 1580569910, "last_commit": "97419016c0ffc28aec3f4a75217a3212070a8e1c", "last_commit_subject": "ubuntu-touch: remove hard coded font sizes (#614)", "file": "/files/themes/Ubuntu-touch.zip", "file_size": 102445, "screenshot": "/files/themes/Ubuntu-touch.png", "author_id": "0", "author_user": "freemangilgamesh"}, "Vivaldi": {"spices-id": "Vivaldi", "name": "Vivaldi", "description": "Flat theme", "score": 11, "created": 1484754669, "last_edited": 1614373590, "last_commit": "4b55bc24f197cedbeba43920bf4bb32d0f16ac0f", "last_commit_subject": "Remove height property from #menu-search-entry ... (#690)", "file": "/files/themes/Vivaldi.zip", "file_size": 87131, "screenshot": "/files/themes/Vivaldi.png", "author_id": "0", "author_user": "freemangilgamesh"}, "Vivaldi-ZorinOS": {"spices-id": "Vivaldi-ZorinOS", "name": "Vivaldi-ZorinOS", "description": "GTK theme included", "score": 7, "created": 1484754669, "last_edited": 1614117227, "last_commit": "21dbdf2859216790e6d71d19bb2e610cf315f376", "last_commit_subject": "Remove height property from.. (#683)", "file": "/files/themes/Vivaldi-ZorinOS.zip", "file_size": 272039, "screenshot": "/files/themes/Vivaldi-ZorinOS.png", "author_id": "0", "author_user": "freemangilgamesh"}, "Windows-10": {"spices-id": "Windows-10", "name": "Windows 10 Light Theme", "description": "Simple theme to emulate Win10 on your Cinnamon machine.", "score": 22, "created": 1484762704, "last_edited": 1614411301, "last_commit": "540187b0a4ef7dd270342b29a1bab5faa3d0ff9d", "last_commit_subject": "Fix for menu applet label being covered up (#691)", "file": "/files/themes/Windows-10.zip", "file_size": 1112814, "screenshot": "/files/themes/Windows-10.png", "author_id": "0", "author_user": "smurphos"}, "Windows-10-Basic": {"spices-id": "Windows-10-Basic", "name": "Windows-10-Basic", "description": "Windows 10 theme with comfortable spacings and minimalist styles.", "score": 2, "created": 1565073304, "last_edited": 1565072461, "last_commit": "80bdf95b3ab0cfb1a0a9663e1f3e5c7eebebecb1", "last_commit_subject": "added windows-10-basic theme (#584)", "file": "/files/themes/Windows-10-Basic.zip", "file_size": 374822, "screenshot": "/files/themes/Windows-10-Basic.png", "author_id": "0", "author_user": "lleeoochen"}, "iOS-X": {"spices-id": "iOS-X", "name": "iOS-X", "description": "A iOS based Linux Mint theme!", "score": 7, "created": 1506150604, "last_edited": 1619346859, "last_commit": "1a940a143b951a338cbb5eb6d647b8d9462d0685", "last_commit_subject": "Create class for use in cinnamenu (#698)", "file": "/files/themes/iOS-X.zip", "file_size": 1117981, "screenshot": "/files/themes/iOS-X.png", "author_id": "0", "author_user": "rajat"}, "qob": {"spices-id": "qob", "name": "qob", "description": "Classy cinnamon theme which is based on Linux Mint with a lot of tweaks. ", "score": 23, "created": 1504111202, "last_edited": 1544306126, "last_commit": "97b8c4841e6a89834151ccc88cca98e4c12c6d60", "last_commit_subject": "qob: update for Cinnamon 4.0 (#502)", "file": "/files/themes/qob.zip", "file_size": 296430, "screenshot": "/files/themes/qob.png", "author_id": "0", "author_user": "none"}, "waterbody": {"spices-id": "waterbody", "name": "waterbody", "description": "Just a cinnamon theme.", "score": 8, "created": 1623915605, "last_edited": 1626007641, "last_commit": "2f4fe461a989b3e1f86482ae3d69929f9b03b4af", "last_commit_subject": "Fix .menu-category-button-hover class for... (#705)", "file": "/files/themes/waterbody.zip", "file_size": 1704474, "screenshot": "/files/themes/waterbody.png", "author_id": "0", "author_user": "tirtharajsinha"}}