{"schema":6,"addons":[{"id":"uBlock0@raymondhill.net","icons":{"32":"https://addons.mozilla.org/user-media/addon_icons/607/607454-32.png?modified=mcrushed","64":"https://addons.mozilla.org/user-media/addon_icons/607/607454-64.png?modified=mcrushed","128":"https://addons.mozilla.org/user-media/addon_icons/607/607454-128.png?modified=mcrushed"},"name":"uBlock Origin","version":"1.62.0","sourceURI":"https://addons.mozilla.org/firefox/downloads/file/4412673/ublock_origin-1.62.0.xpi","homepageURL":"https://github.com/gorhill/uBlock#ublock-origin","supportURL":"https://old.reddit.com/r/uBlockOrigin/","amoListingURL":"https://addons.mozilla.org/tr/firefox/addon/ublock-origin/","description":"Finally, an efficient wide-spectrum content blocker. Easy on CPU and memory.","fullDescription":"uBlock Origin is not an \"ad blocker\", it's a wide-spectrum content blocker with CPU and memory efficiency as a primary feature.\n\n***\n\nOut of the box, uBO blocks ads, trackers, coin miners, popups, etc. through the following lists of filters, enabled by default:\n\n- EasyList (ads)\n- EasyPrivacy (tracking)\n- Peter Lowe’s Ad server list (ads and tracking)\n- Online Malicious URL Blocklist\n- uBO's own lists\n\nMore lists are available for you to select if you wish:\n\n- EasyList Cookie\n- Fanboy Annoyances\n- AdGuard Annoyances\n- Dan Pollock’s hosts file\n- And many others\n\nAdditionally, you can point-and-click to block JavaScript locally or globally, create your own global or local rules to override entries from filter lists, and many more advanced features.\n\n***\n\nFree.\nOpen source with public license (GPLv3)\nFor users by users.\n\nIf ever you really do want to contribute something, think about the people working hard to maintain the filter lists you are using, which were made available to use by all for free.\n\n***\n\n    Documentation\n    Release notes\n    Community support @ Reddit\n    Contributors @ GitHub\n    Contributors @ Crowdin","weeklyDownloads":203128,"type":"extension","creator":{"name":"Raymond Hill","url":"https://addons.mozilla.org/tr/firefox/user/11423598/"},"developers":[],"screenshots":[{"url":"https://addons.mozilla.org/user-media/previews/full/238/238546.png?modified=1622132421","width":1011,"height":758,"thumbnailURL":"https://addons.mozilla.org/user-media/previews/thumbs/238/238546.jpg?modified=1622132421","thumbnailWidth":533,"thumbnailHeight":400,"caption":"The popup panel: default mode"},{"url":"https://addons.mozilla.org/user-media/previews/full/238/238548.png?modified=1622132423","width":1011,"height":758,"thumbnailURL":"https://addons.mozilla.org/user-media/previews/thumbs/238/238548.jpg?modified=1622132423","thumbnailWidth":533,"thumbnailHeight":400,"caption":"The dashboard: stock filter lists"},{"url":"https://addons.mozilla.org/user-media/previews/full/238/238547.png?modified=1622132425","width":1011,"height":758,"thumbnailURL":"https://addons.mozilla.org/user-media/previews/thumbs/238/238547.jpg?modified=1622132425","thumbnailWidth":533,"thumbnailHeight":400,"caption":"The popup panel: default-deny mode"},{"url":"https://addons.mozilla.org/user-media/previews/full/238/238549.png?modified=1622132426","width":1011,"height":758,"thumbnailURL":"https://addons.mozilla.org/user-media/previews/thumbs/238/238549.jpg?modified=1622132426","thumbnailWidth":533,"thumbnailHeight":400,"caption":"The dashboard: settings"},{"url":"https://addons.mozilla.org/user-media/previews/full/238/238552.png?modified=1622132430","width":970,"height":1800,"thumbnailURL":"https://addons.mozilla.org/user-media/previews/thumbs/238/238552.jpg?modified=1622132430","thumbnailWidth":216,"thumbnailHeight":400,"caption":"The popup panel in Firefox Preview: default mode with more blocking options revealed"},{"url":"https://addons.mozilla.org/user-media/previews/full/230/230370.png?modified=1622132432","width":800,"height":600,"thumbnailURL":"https://addons.mozilla.org/user-media/previews/thumbs/230/230370.jpg?modified=1622132432","thumbnailWidth":533,"thumbnailHeight":400,"caption":"The unified logger tells you all that uBO is seeing and doing"}],"contributionURL":"","averageRating":4.7938,"reviewCount":5072,"reviewURL":"https://addons.mozilla.org/tr/firefox/addon/ublock-origin/reviews/","updateDate":1737124471000},{"id":"{036a55b4-5e72-4d05-a06c-cba2dfcc134a}","icons":{"32":"https://addons.mozilla.org/user-media/addon_icons/2623/2623538-32.png?modified=8be60eed","64":"https://addons.mozilla.org/user-media/addon_icons/2623/2623538-64.png?modified=8be60eed","128":"https://addons.mozilla.org/user-media/addon_icons/2623/2623538-128.png?modified=8be60eed"},"name":"TWP - Translate Web Pages","version":"10.0.1.1","sourceURI":"https://addons.mozilla.org/firefox/downloads/file/4245500/traduzir_paginas_web-10.0.1.1.xpi","homepageURL":null,"supportURL":null,"amoListingURL":"https://addons.mozilla.org/tr/firefox/addon/traduzir-paginas-web/","description":"Google veya Yandex kullanarak sayfanızı gerçek zamanlı olarak çevirin.\nYeni sekme açmanıza gerek yoktur.\nNoScript uzantısı ile çalışıyor.","fullDescription":"Bu uzantı ne yapabilir?\n\n    Mevcut sayfanızı, yeni sekme açmanıza gerek kalmadan çevrilir.\n    Çeviri dilini değiştirmek mümkündür.\n    Otomatik olarak çevirmeyi seçebilirsiniz.\n    Çeviri motorunu değiştirmek için Google Çeviri simgesine dokunmanız yeterlidir. \n\nZiyaret ettiğiniz tüm web sitelerindeki verilerinize neden erişmeniz gerekiyor?\nHerhangi bir web sitesini çevirmek için web sayfalarının metnine erişmek ve metni değiştirmek gerekir. Ve uzantı bunu yalnızca bu yetkiyle yapabilir.\n\nSayfalar nasıl çevrilir?\nSayfalar, Google veya Yandex çeviri motoru (seçtiğiniz) kullanılarak çevrilir.\n\nPeki gizliliğim?\nGizlilik politikası\nHerhangi bir bilgi toplamıyoruz. Ancak, çeviri yapmak için web sayfalarının içeriği Google veya Yandex sunucularına gönderilecektir.\n\nSınırlamalar\nsupport.mozilla.org ve addons.mozilla.org gibi bazı sayfalar çevrilmeyecektir. Güvenlik nedenlerinden dolayı tarayıcı, uzantıların bu sitelere erişimini engeller.\n\nSize nasıl yardım edebilirim?\n\n    Patreon\n    GitHub\n    Crowdin ","weeklyDownloads":11473,"type":"extension","creator":{"name":"Filipe Dev","url":"https://addons.mozilla.org/tr/firefox/user/15610759/"},"developers":[],"screenshots":[{"url":"https://addons.mozilla.org/user-media/previews/full/258/258434.png?modified=1625013971","width":291,"height":150,"thumbnailURL":"https://addons.mozilla.org/user-media/previews/thumbs/258/258434.jpg?modified=1625013971","thumbnailWidth":291,"thumbnailHeight":150,"caption":"Translate Web Pages - Desktop, Simple interface"},{"url":"https://addons.mozilla.org/user-media/previews/full/258/258435.png?modified=1625013971","width":393,"height":198,"thumbnailURL":"https://addons.mozilla.org/user-media/previews/thumbs/258/258435.jpg?modified=1625013971","thumbnailWidth":393,"thumbnailHeight":198,"caption":"Translate Web Pages - Desktop, Advanced interface"},{"url":"https://addons.mozilla.org/user-media/previews/full/258/258436.png?modified=1625013971","width":750,"height":1334,"thumbnailURL":"https://addons.mozilla.org/user-media/previews/thumbs/258/258436.jpg?modified=1625013971","thumbnailWidth":225,"thumbnailHeight":400,"caption":"Translate Web Pages - Mobile"}],"contributionURL":"","averageRating":4.7857,"reviewCount":1288,"reviewURL":"https://addons.mozilla.org/tr/firefox/addon/traduzir-paginas-web/reviews/","updateDate":1710145226000}]}