{"schemaVersion":37,"addons":[{"id":"formautofill@mozilla.org","syncGUID":"{27b69dae-a838-4b4c-a414-498dd076c6ba}","version":"1.0.1","type":"extension","loader":null,"updateURL":null,"installOrigins":null,"manifestVersion":2,"optionsURL":null,"optionsType":null,"optionsBrowserStyle":true,"aboutURL":null,"defaultLocale":{"name":"Form Autofill","creator":null,"developers":null,"translators":null,"contributors":null},"visible":true,"active":true,"userDisabled":false,"appDisabled":false,"embedderDisabled":false,"installDate":1737389205000,"updateDate":1737389205000,"applyBackgroundUpdates":1,"path":"/home/etapadmin/.firefox/browser/features/formautofill@mozilla.org.xpi","skinnable":false,"sourceURI":null,"releaseNotesURI":null,"softDisabled":false,"foreignInstall":false,"strictCompatibility":true,"locales":[],"targetApplications":[{"id":"toolkit@mozilla.org","minVersion":null,"maxVersion":null}],"targetPlatforms":[],"signedDate":null,"seen":true,"dependencies":[],"incognito":"spanning","userPermissions":{"permissions":[],"origins":[]},"optionalPermissions":{"permissions":[],"origins":[]},"requestedPermissions":{"permissions":[],"origins":[]},"icons":{},"iconURL":null,"blocklistAttentionDismissed":false,"blocklistState":0,"blocklistURL":null,"startupData":null,"hidden":true,"installTelemetryInfo":null,"recommendationState":null,"rootURI":"jar:file:///home/etapadmin/.firefox/browser/features/formautofill@mozilla.org.xpi!/","location":"app-system-defaults"},{"id":"pictureinpicture@mozilla.org","syncGUID":"{01a5d64e-8941-4f60-865b-37a67b411cf3}","version":"1.0.0","type":"extension","loader":null,"updateURL":null,"installOrigins":null,"manifestVersion":2,"optionsURL":null,"optionsType":null,"optionsBrowserStyle":true,"aboutURL":null,"defaultLocale":{"name":"Picture-In-Picture","description":"Fixes for web compatibility with Picture-in-Picture","creator":null,"developers":null,"translators":null,"contributors":null},"visible":true,"active":true,"userDisabled":false,"appDisabled":false,"embedderDisabled":false,"installDate":1737389205000,"updateDate":1737389205000,"applyBackgroundUpdates":1,"path":"/home/etapadmin/.firefox/browser/features/pictureinpicture@mozilla.org.xpi","skinnable":false,"sourceURI":null,"releaseNotesURI":null,"softDisabled":false,"foreignInstall":false,"strictCompatibility":true,"locales":[],"targetApplications":[{"id":"toolkit@mozilla.org","minVersion":"88.0a1","maxVersion":null}],"targetPlatforms":[],"signedDate":null,"seen":true,"dependencies":[],"incognito":"spanning","userPermissions":{"permissions":[],"origins":[]},"optionalPermissions":{"permissions":[],"origins":[]},"requestedPermissions":{"permissions":[],"origins":[]},"icons":{},"iconURL":null,"blocklistAttentionDismissed":false,"blocklistState":0,"blocklistURL":null,"startupData":null,"hidden":true,"installTelemetryInfo":null,"recommendationState":null,"rootURI":"jar:file:///home/etapadmin/.firefox/browser/features/pictureinpicture@mozilla.org.xpi!/","location":"app-system-defaults"},{"id":"screenshots@mozilla.org","syncGUID":"{cb4e0c06-20d5-4760-868f-042df7b6789d}","version":"39.0.1","type":"extension","loader":null,"updateURL":null,"installOrigins":null,"manifestVersion":2,"optionsURL":null,"optionsType":null,"optionsBrowserStyle":true,"aboutURL":null,"defaultLocale":{"name":"Firefox Screenshots","description":"Take clips and screenshots from the Web and save them temporarily or permanently.","creator":"Mozilla <screenshots-feedback@mozilla.com>","homepageURL":"https://github.com/mozilla-services/screenshots","developers":null,"translators":null,"contributors":null},"visible":true,"active":false,"userDisabled":true,"appDisabled":false,"embedderDisabled":false,"installDate":1737389205000,"updateDate":1737389205000,"applyBackgroundUpdates":1,"path":"/home/etapadmin/.firefox/browser/features/screenshots@mozilla.org.xpi","skinnable":false,"sourceURI":null,"releaseNotesURI":null,"softDisabled":false,"foreignInstall":false,"strictCompatibility":true,"locales":[],"targetApplications":[{"id":"toolkit@mozilla.org","minVersion":"57.0a1","maxVersion":null}],"targetPlatforms":[],"signedDate":null,"seen":true,"dependencies":[],"incognito":"spanning","userPermissions":{"permissions":["activeTab","downloads","tabs","storage","notifications","clipboardWrite","contextMenus","mozillaAddons","telemetry"],"origins":["<all_urls>","https://screenshots.firefox.com/","resource://pdf.js/","about:reader*","https://screenshots.firefox.com/*"]},"optionalPermissions":{"permissions":[],"origins":[]},"requestedPermissions":{"permissions":[],"origins":[]},"icons":{},"iconURL":null,"blocklistAttentionDismissed":false,"blocklistState":0,"blocklistURL":null,"startupData":null,"hidden":true,"installTelemetryInfo":null,"recommendationState":null,"rootURI":"jar:file:///home/etapadmin/.firefox/browser/features/screenshots@mozilla.org.xpi!/","location":"app-system-defaults"},{"id":"webcompat-reporter@mozilla.org","syncGUID":"{31fac555-cea0-4a6f-a04f-54461d8d0dfe}","version":"2.1.0","type":"extension","loader":null,"updateURL":null,"installOrigins":null,"manifestVersion":2,"optionsURL":null,"optionsType":null,"optionsBrowserStyle":true,"aboutURL":null,"defaultLocale":{"name":"WebCompat Reporter","description":"Report site compatibility issues on webcompat.com","creator":"Thomas Wisniewski <twisniewski@mozilla.com>","homepageURL":"https://github.com/mozilla/webcompat-reporter","developers":null,"translators":null,"contributors":null},"visible":true,"active":false,"userDisabled":true,"appDisabled":false,"embedderDisabled":false,"installDate":1737389205000,"updateDate":1737389205000,"applyBackgroundUpdates":1,"path":"/home/etapadmin/.firefox/browser/features/webcompat-reporter@mozilla.org.xpi","skinnable":false,"sourceURI":null,"releaseNotesURI":null,"softDisabled":false,"foreignInstall":false,"strictCompatibility":true,"locales":[],"targetApplications":[{"id":"toolkit@mozilla.org","minVersion":null,"maxVersion":null}],"targetPlatforms":[],"signedDate":null,"seen":true,"dependencies":[],"incognito":"spanning","userPermissions":{"permissions":["tabs"],"origins":["<all_urls>"]},"optionalPermissions":{"permissions":[],"origins":[]},"requestedPermissions":{"permissions":[],"origins":[]},"icons":{"16":"icons/lightbulb.svg","32":"icons/lightbulb.svg","48":"icons/lightbulb.svg","96":"icons/lightbulb.svg","128":"icons/lightbulb.svg"},"iconURL":null,"blocklistAttentionDismissed":false,"blocklistState":0,"blocklistURL":null,"startupData":null,"hidden":true,"installTelemetryInfo":null,"recommendationState":null,"rootURI":"jar:file:///home/etapadmin/.firefox/browser/features/webcompat-reporter@mozilla.org.xpi!/","location":"app-system-defaults"},{"id":"webcompat@mozilla.org","syncGUID":"{db2caa60-f335-4a38-9d9a-0e872ba2c427}","version":"134.5.0","type":"extension","loader":null,"updateURL":null,"installOrigins":null,"manifestVersion":2,"optionsURL":null,"optionsType":null,"optionsBrowserStyle":true,"aboutURL":null,"defaultLocale":{"name":"Web Compatibility Interventions","description":"Urgent post-release fixes for web compatibility.","creator":null,"developers":null,"translators":null,"contributors":null},"visible":true,"active":true,"userDisabled":false,"appDisabled":false,"embedderDisabled":false,"installDate":1737389205000,"updateDate":1737389205000,"applyBackgroundUpdates":1,"path":"/home/etapadmin/.firefox/browser/features/webcompat@mozilla.org.xpi","skinnable":false,"sourceURI":null,"releaseNotesURI":null,"softDisabled":false,"foreignInstall":false,"strictCompatibility":true,"locales":[],"targetApplications":[{"id":"toolkit@mozilla.org","minVersion":"102.0","maxVersion":null}],"targetPlatforms":[],"signedDate":null,"seen":true,"dependencies":[],"incognito":"spanning","userPermissions":{"permissions":["mozillaAddons","scripting","tabs","webNavigation","webRequest","webRequestBlocking"],"origins":["<all_urls>"]},"optionalPermissions":{"permissions":[],"origins":[]},"requestedPermissions":{"permissions":[],"origins":[]},"icons":{},"iconURL":null,"blocklistAttentionDismissed":false,"blocklistState":0,"blocklistURL":null,"startupData":null,"hidden":true,"installTelemetryInfo":null,"recommendationState":null,"rootURI":"jar:file:///home/etapadmin/.firefox/browser/features/webcompat@mozilla.org.xpi!/","location":"app-system-defaults"},{"id":"default-theme@mozilla.org","syncGUID":"{c7a3e65f-7b53-480f-9353-ec7a7850162a}","version":"1.4.1","type":"theme","loader":null,"updateURL":null,"installOrigins":null,"manifestVersion":2,"optionsURL":null,"optionsType":null,"optionsBrowserStyle":true,"aboutURL":null,"defaultLocale":{"name":"System theme — auto","description":"Follow the operating system setting for buttons, menus, and windows.","creator":"Mozilla","developers":null,"translators":null,"contributors":null},"visible":true,"active":true,"userDisabled":false,"appDisabled":false,"embedderDisabled":false,"installDate":1738088829156,"applyBackgroundUpdates":1,"path":null,"skinnable":false,"sourceURI":null,"releaseNotesURI":null,"softDisabled":false,"foreignInstall":false,"strictCompatibility":true,"locales":[],"targetApplications":[{"id":"toolkit@mozilla.org","minVersion":null,"maxVersion":null}],"targetPlatforms":[],"signedDate":null,"seen":true,"dependencies":[],"userPermissions":null,"optionalPermissions":null,"requestedPermissions":null,"icons":{"32":"icon.svg"},"iconURL":null,"blocklistAttentionDismissed":false,"blocklistState":0,"blocklistURL":null,"startupData":null,"hidden":false,"installTelemetryInfo":null,"recommendationState":null,"rootURI":"resource://default-theme/","location":"app-builtin"},{"id":"addons-search-detection@mozilla.com","syncGUID":"{1f1eb9a5-8111-4b61-81b1-3273ed9880d2}","version":"2.0.0","type":"extension","loader":null,"updateURL":null,"installOrigins":null,"manifestVersion":2,"optionsURL":null,"optionsType":null,"optionsBrowserStyle":true,"aboutURL":null,"defaultLocale":{"name":"Add-ons Search Detection","description":"","creator":null,"developers":null,"translators":null,"contributors":null},"visible":true,"active":true,"userDisabled":false,"appDisabled":false,"embedderDisabled":false,"installDate":1738088860158,"applyBackgroundUpdates":1,"path":null,"skinnable":false,"sourceURI":null,"releaseNotesURI":null,"softDisabled":false,"foreignInstall":false,"strictCompatibility":true,"locales":[],"targetApplications":[{"id":"toolkit@mozilla.org","minVersion":null,"maxVersion":null}],"targetPlatforms":[],"signedDate":null,"seen":true,"dependencies":[],"incognito":"spanning","userPermissions":{"permissions":["telemetry","webRequest","webRequestBlocking"],"origins":["<all_urls>"]},"optionalPermissions":{"permissions":[],"origins":[]},"requestedPermissions":{"permissions":[],"origins":[]},"icons":{},"iconURL":null,"blocklistAttentionDismissed":false,"blocklistState":0,"blocklistURL":null,"startupData":null,"hidden":true,"installTelemetryInfo":null,"recommendationState":null,"rootURI":"resource://builtin-addons/search-detection/","location":"app-builtin"},{"id":"firefox-compact-light@mozilla.org","syncGUID":"{dd3a99a4-7cf3-4691-8d34-45a350df882c}","version":"1.3","type":"theme","loader":null,"updateURL":null,"installOrigins":null,"manifestVersion":2,"optionsURL":null,"optionsType":null,"optionsBrowserStyle":true,"aboutURL":null,"defaultLocale":{"name":"Light","description":"A theme with a light color scheme.","creator":"Mozilla","developers":null,"translators":null,"contributors":null},"visible":true,"active":false,"userDisabled":true,"appDisabled":false,"embedderDisabled":false,"installDate":1738088868847,"applyBackgroundUpdates":1,"path":null,"skinnable":false,"sourceURI":null,"releaseNotesURI":null,"softDisabled":false,"foreignInstall":false,"strictCompatibility":true,"locales":[],"targetApplications":[{"id":"toolkit@mozilla.org","minVersion":null,"maxVersion":null}],"targetPlatforms":[],"signedDate":null,"seen":true,"dependencies":[],"userPermissions":null,"optionalPermissions":null,"requestedPermissions":null,"icons":{"32":"icon.svg"},"iconURL":null,"blocklistAttentionDismissed":false,"blocklistState":0,"blocklistURL":null,"startupData":null,"hidden":false,"installTelemetryInfo":null,"recommendationState":null,"rootURI":"resource://builtin-themes/light/","location":"app-builtin"},{"id":"firefox-compact-dark@mozilla.org","syncGUID":"{b0a4194d-0b21-49d5-83d0-280d642633ad}","version":"1.3.2","type":"theme","loader":null,"updateURL":null,"installOrigins":null,"manifestVersion":2,"optionsURL":null,"optionsType":null,"optionsBrowserStyle":true,"aboutURL":null,"defaultLocale":{"name":"Dark","description":"A theme with a dark color scheme.","creator":"Mozilla","developers":null,"translators":null,"contributors":null},"visible":true,"active":false,"userDisabled":true,"appDisabled":false,"embedderDisabled":false,"installDate":1738088868847,"applyBackgroundUpdates":1,"path":null,"skinnable":false,"sourceURI":null,"releaseNotesURI":null,"softDisabled":false,"foreignInstall":false,"strictCompatibility":true,"locales":[],"targetApplications":[{"id":"toolkit@mozilla.org","minVersion":null,"maxVersion":null}],"targetPlatforms":[],"signedDate":null,"seen":true,"dependencies":[],"userPermissions":null,"optionalPermissions":null,"requestedPermissions":null,"icons":{"32":"icon.svg"},"iconURL":null,"blocklistAttentionDismissed":false,"blocklistState":0,"blocklistURL":null,"startupData":null,"hidden":false,"installTelemetryInfo":null,"recommendationState":null,"rootURI":"resource://builtin-themes/dark/","location":"app-builtin"},{"id":"firefox-alpenglow@mozilla.org","syncGUID":"{56095c41-9fc0-4a8c-9d41-d47f2754c16e}","version":"1.5","type":"theme","loader":null,"updateURL":null,"installOrigins":null,"manifestVersion":2,"optionsURL":null,"optionsType":null,"optionsBrowserStyle":true,"aboutURL":null,"defaultLocale":{"name":"Firefox Alpenglow","description":"Use a colorful appearance for buttons, menus, and windows.","creator":null,"developers":null,"translators":null,"contributors":null},"visible":true,"active":false,"userDisabled":true,"appDisabled":false,"embedderDisabled":false,"installDate":1738088868848,"applyBackgroundUpdates":1,"path":null,"skinnable":false,"sourceURI":null,"releaseNotesURI":null,"softDisabled":false,"foreignInstall":false,"strictCompatibility":true,"locales":[],"targetApplications":[{"id":"toolkit@mozilla.org","minVersion":null,"maxVersion":null}],"targetPlatforms":[],"signedDate":null,"seen":true,"dependencies":[],"userPermissions":null,"optionalPermissions":null,"requestedPermissions":null,"icons":{"32":"icon.svg"},"iconURL":null,"blocklistAttentionDismissed":false,"blocklistState":0,"blocklistURL":null,"startupData":null,"hidden":false,"installTelemetryInfo":null,"recommendationState":null,"rootURI":"resource://builtin-themes/alpenglow/","location":"app-builtin"},{"id":"uBlock0@raymondhill.net","syncGUID":"{711fe751-e468-4460-a061-5481bf69caeb}","version":"1.62.0","type":"extension","loader":null,"updateURL":null,"installOrigins":null,"manifestVersion":2,"optionsURL":"dashboard.html","optionsType":3,"optionsBrowserStyle":false,"aboutURL":null,"defaultLocale":{"name":"uBlock Origin","description":"Finally, an efficient blocker. Easy on CPU and memory.","creator":"Raymond Hill & contributors","developers":null,"translators":null,"contributors":null},"visible":true,"active":true,"userDisabled":false,"appDisabled":false,"embedderDisabled":false,"installDate":1738089131277,"updateDate":1738089131277,"applyBackgroundUpdates":1,"path":"/home/etapadmin/.mozilla/firefox/dizm4pj5.default-release/extensions/uBlock0@raymondhill.net.xpi","skinnable":false,"sourceURI":"https://addons.mozilla.org/firefox/downloads/file/4412673/ublock_origin-1.62.0.xpi","releaseNotesURI":null,"softDisabled":false,"foreignInstall":false,"strictCompatibility":true,"locales":[{"name":"uBlock Origin","description":"Finally, an efficient blocker. Easy on CPU and memory.","creator":"Raymond Hill & contributors","developers":null,"translators":null,"contributors":null,"locales":["en"]},{"name":"uBlock Origin","description":"高効率ブロッカーついに登場。CPU とメモリーに負担をかけません。","creator":"Raymond Hill & contributors","developers":null,"translators":null,"contributors":null,"locales":["ja"]},{"name":"uBlock Origin","description":"Lõpuks on valminud tõhus blokeerija. Protsessori- ja mälusõbralik.","creator":"Raymond Hill & contributors","developers":null,"translators":null,"contributors":null,"locales":["et"]},{"name":"uBlock Origin","description":"Enfin un blocador eficaç. Sollicita pauc lo CPU e la memòria","creator":"Raymond Hill & contributors","developers":null,"translators":null,"contributors":null,"locales":["oc"]},{"name":"uBlock Origin","description":"Finalmente, um bloqueador eficiente. Leve na CPU e memória.","creator":"Raymond Hill & contributors","developers":null,"translators":null,"contributors":null,"locales":["pt-PT"]},{"name":"uBlock Origin","description":"O'r diwedd, rhwystrydd effeithlon sy'n gwell ar y CPU a'r cof.","creator":"Raymond Hill & contributors","developers":null,"translators":null,"contributors":null,"locales":["cy"]},{"name":"uBlock Origin","description":"మొత్తానికి RAM ఇంకా CPU పై తేలికయిన, ఒక సమర్థవంతమైన నిరోధిని.","creator":"Raymond Hill & contributors","developers":null,"translators":null,"contributors":null,"locales":["te"]},{"name":"uBlock Origin","description":"Un bloqueur de nuisances efficace, qui ménagera votre processeur et votre mémoire vive.","creator":"Raymond Hill & contributors","developers":null,"translators":null,"contributors":null,"locales":["fr"]},{"name":"uBlock Origin","description":"Einlik, in effisjinte adblocker. Brûkt hast gjin prosessorkrêft of ûnthâld.","creator":"Raymond Hill & contributors","developers":null,"translators":null,"contributors":null,"locales":["fy"]},{"name":"uBlock Origin","description":"Akhirnya, pemblokir iklan yang efisien. Ringan penggunaan CPU dan memori.","creator":"Raymond Hill & contributors","developers":null,"translators":null,"contributors":null,"locales":["id"]},{"name":"uBlock Origin","description":"Най-накрая, ефективен блокер. Щадящ процесора и паметта.","creator":"Raymond Hill & contributors","developers":null,"translators":null,"contributors":null,"locales":["bg"]},{"name":"uBlock Origin","description":"ਆਖਰਕਾਰ ਪ੍ਰਭਾਵੀ ਬਲੌਕਰ ਹੈ। CPU ਅਤੇ ਮੈਮੋਰੀ ਲਈ ਸੌਖਾ।","creator":"Raymond Hill & contributors","developers":null,"translators":null,"contributors":null,"locales":["pa"]},{"name":"uBlock Origin","description":"একটি শক্তিশালী বিজ্ঞাপন প্রতিরোধক, অবশেষে তৈরী হল। যা সিপিইউ এবং মেমরির জন্য সহনীয়।","creator":"Raymond Hill & contributors","developers":null,"translators":null,"contributors":null,"locales":["bn"]},{"name":"uBlock Origin","description":"Ugu dambeyntii, xannibaado hufan. Ku fudud oo ku saabsan CPU iyo xusuusta.","creator":"Raymond Hill & contributors","developers":null,"translators":null,"contributors":null,"locales":["so"]},{"name":"uBlock Origin","description":"Behingoz, blokeatzaile eraginkor bat. PUZ eta memorian arina.","creator":"Raymond Hill & contributors","developers":null,"translators":null,"contributors":null,"locales":["eu"]},{"name":"uBlock Origin","description":"Äntligen en effektiv blockerare. Skonsam mot både processor och minne.","creator":"Raymond Hill & contributors","developers":null,"translators":null,"contributors":null,"locales":["sv"]},{"name":"uBlock Origin","description":"Konečně efektivní blokovač. Nezatěžuje CPU a paměť.","creator":"Raymond Hill & contributors","developers":null,"translators":null,"contributors":null,"locales":["cs"]},{"name":"uBlock Origin","description":"Végre egy hatékony reklám- és követésblokkoló böngészőkhöz, amely kíméletes a processzorral és a memóriával.","creator":"Raymond Hill & contributors","developers":null,"translators":null,"contributors":null,"locales":["hu"]},{"name":"uBlock Origin","description":"ಕೊನೆಗೆ, ಒಂದು ದಕ್ಷ ನಿರ್ಬಂಧಕ. ಮಿತವಾದ ಸಿಪಿಯೂ ಹಾಗು ಮೆಮೊರಿ ಬಳಿಕೇಒಂದಿಗೆ .","creator":"Raymond Hill & contributors","developers":null,"translators":null,"contributors":null,"locales":["kn"]},{"name":"uBlock Origin","description":"Ефективний блокувальник реклами таки з’явився. Не навантажує процесор та пам'ять.","creator":"Raymond Hill & contributors","developers":null,"translators":null,"contributors":null,"locales":["uk"]},{"name":"uBlock Origin","description":"آخر کار، ایک مؤثر اشتہار کو روکنے والا، یہ کم cpu اور میموری لیتا ہے.","creator":"Raymond Hill & contributors","developers":null,"translators":null,"contributors":null,"locales":["ur"]},{"name":"uBlock Origin","description":"අවසානයේදී, මධ්‍ය සැකසුම් ඒකකය සහ මතකය අඩුවෙන් භාවිතා කරන කාර්යක්‍ෂම අවහිරකයක් ඇත.","creator":"Raymond Hill & contributors","developers":null,"translators":null,"contributors":null,"locales":["si"]},{"name":"uBlock Origin","description":"Finfine rendimenta reklamoblokilo. Afabla por ĉefprocesoro kaj memoro.","creator":"Raymond Hill & contributors","developers":null,"translators":null,"contributors":null,"locales":["eo"]},{"name":"uBlock Origin","description":"Hatimaye, kizuizi kinachofaa. Nyepesi kwenye CPU na kumbukumbu.","creator":"Raymond Hill & contributors","developers":null,"translators":null,"contributors":null,"locales":["sw"]},{"name":"uBlock Origin","description":"وأخيراً, مانع اعلانات كفوء. خفيف على المعالج و الذاكرة.","creator":"Raymond Hill & contributors","developers":null,"translators":null,"contributors":null,"locales":["ar"]},{"name":"uBlock Origin","description":"Cuối cùng, đã có một công cụ chặn quảng cáo hiệu quả, tiêu tốn ít CPU và bộ nhớ.","creator":"Raymond Hill & contributors","developers":null,"translators":null,"contributors":null,"locales":["vi"]},{"name":"uBlock Origin","description":"როგორც იქნა, მძლავრი და შედეგიანი რეკლამების შემზღუდავი. ზოგავს CPU-ს და მეხსიერებას.","creator":"Raymond Hill & contributors","developers":null,"translators":null,"contributors":null,"locales":["ka"]},{"name":"uBlock Origin","description":"이 부가 기능은 효율적인 차단기입니다. CPU와 메모리에 주는 부담이 적습니다.","creator":"Raymond Hill & contributors","developers":null,"translators":null,"contributors":null,"locales":["ko"]},{"name":"uBlock Origin","description":"Finalmente, un blocker efficiente. Leggero sulla CPU e sulla memoria.","creator":"Raymond Hill & contributors","developers":null,"translators":null,"contributors":null,"locales":["it"]},{"name":"uBlock Origin","description":"Endelig en effektiv blokkeringsutvidelse. Lavt CPU- og minnebruk.","creator":"Raymond Hill & contributors","developers":null,"translators":null,"contributors":null,"locales":["no"]},{"name":"uBlock Origin","description":"Më në fund, një bllokues efikas që nuk e rëndon procesorin dhe memorien.","creator":"Raymond Hill & contributors","developers":null,"translators":null,"contributors":null,"locales":["sq"]},{"name":"uBlock Origin","description":"Pagaliau, efektyvus blokatorius, neapkraunantis nei procesoriaus, nei darbinės atminties.","creator":"Raymond Hill & contributors","developers":null,"translators":null,"contributors":null,"locales":["lt"]},{"name":"uBlock Origin","description":"आख़िरकार, क्रोमियम-बेस्ड ब्राउज़रों के लिए एक कुशल अवरोधक। सीपीयू और मेमोरी पर कम भार के साथ।\n","creator":"Raymond Hill & contributors","developers":null,"translators":null,"contributors":null,"locales":["hi"]},{"name":"uBlock Origin","description":"இறுதியாக, ஒரு திறமையான விளம்பரத் தடுப்பான். கணினியின் மையச் செயற்பகுதியின் மேலும் நினைவகத்தின் மேலும் இலகுவானது.","creator":"Raymond Hill & contributors","developers":null,"translators":null,"contributors":null,"locales":["ta"]},{"name":"uBlock Origin","description":"Axır ki, prosessor və yaddaş yükünü azaldan səmərəli bir əngəlləyici var.","creator":"Raymond Hill & contributors","developers":null,"translators":null,"contributors":null,"locales":["az"]},{"name":"uBlock Origin","description":"มาแล้ว! โปรแกรมบล็อกโฆษณาได้อย่างมีประสิทธิภาพ โดยที่ไม่กินซีพียูหรือแรม","creator":"Raymond Hill & contributors","developers":null,"translators":null,"contributors":null,"locales":["th"]},{"name":"uBlock Origin","description":"Конечно, ефикасен блокер. Лесен на CPU и меморија.","creator":"Raymond Hill & contributors","developers":null,"translators":null,"contributors":null,"locales":["mk"]},{"name":"uBlock Origin","description":"Endlich ein effizienter Blocker, der wenig Prozessorleistung und Arbeitsspeicher verbraucht.","creator":"Raymond Hill & contributors","developers":null,"translators":null,"contributors":null,"locales":["de"]},{"name":"uBlock Origin","description":"शेवटी, एक कार्यक्षम ब्लॉकर क्रोमियम आधारित ब्राउझरांसाठी. सीपीयू आणि मेमरी वर सोपे जातो.","creator":"Raymond Hill & contributors","developers":null,"translators":null,"contributors":null,"locales":["mr"]},{"name":"uBlock Origin","description":"Finally, an efficient blocker. Easy on CPU and memory.","creator":"Raymond Hill & contributors","developers":null,"translators":null,"contributors":null,"locales":["en-GB"]},{"name":"uBlock Origin","description":"Endelig en effektiv blokkeringsutvidelse. Lavt CPU- og minnebruk.","creator":"Raymond Hill & contributors","developers":null,"translators":null,"contributors":null,"locales":["nb"]},{"name":"uBlock Origin","description":"Ó fin, un bloqueador eficiente que non chupa toda a memoria e o procesador.","creator":"Raymond Hill & contributors","developers":null,"translators":null,"contributors":null,"locales":["gl"]},{"name":"uBlock Origin","description":"Finalment, un blocador eficient que utilitza pocs recursos de memòria i processador.","creator":"Raymond Hill & contributors","developers":null,"translators":null,"contributors":null,"locales":["ca"]},{"name":"uBlock Origin","description":"Konečne efektívny blokovač. Nezaťažuje CPU ani pamäť.","creator":"Raymond Hill & contributors","developers":null,"translators":null,"contributors":null,"locales":["sk"]},{"name":"uBlock Origin","description":"Коначно, ефикасан блокатор. Ниски процесорски и меморијски захтеви.","creator":"Raymond Hill & contributors","developers":null,"translators":null,"contributors":null,"locales":["sr"]},{"name":"uBlock Origin","description":"Тинех Интернет тишкерӳҫӗ валли хӑвӑрт та витӗмлӗ чаркӑч пур.","creator":"Raymond Hill & contributors","developers":null,"translators":null,"contributors":null,"locales":["cv"]},{"name":"uBlock Origin","description":"بالاخره، یک بلاکر کارآمد. کم حجم بر روی پردازنده و حافظه.","creator":"Raymond Hill & contributors","developers":null,"translators":null,"contributors":null,"locales":["fa"]},{"name":"uBlock Origin","description":"അവസാനം, ഒരു കാര്യക്ഷമമായ ബ്ലോക്കര്‍. ലഘുവായ CPU, memory ഉപയോഗം.","creator":"Raymond Hill & contributors","developers":null,"translators":null,"contributors":null,"locales":["ml"]},{"name":"uBlock Origin","description":"Akhirnya, penyekat yang cekap. Tidak membebankan CPU dan memori.","creator":"Raymond Hill & contributors","developers":null,"translators":null,"contributors":null,"locales":["ms"]},{"name":"uBlock Origin","description":"一款高效的网络请求过滤工具，占用极低的内存和 CPU。","creator":"Raymond Hill & contributors","developers":null,"translators":null,"contributors":null,"locales":["zh-CN"]},{"name":"uBlock Origin","description":"Наконец-то, быстрый и эффективный блокировщик для браузеров.","creator":"Raymond Hill & contributors","developers":null,"translators":null,"contributors":null,"locales":["ru"]},{"name":"uBlock Origin","description":"Nareszcie skuteczny bloker charakteryzujący się niskim użyciem procesora i pamięci.","creator":"Raymond Hill & contributors","developers":null,"translators":null,"contributors":null,"locales":["pl"]},{"name":"uBlock Origin","description":"Končno, učinkovita, procesorju in pomnilniku prijazna razširitev za blokiranje oglasov.","creator":"Raymond Hill & contributors","developers":null,"translators":null,"contributors":null,"locales":["sl"]},{"name":"uBlock Origin","description":"Beidzot, efektīvs bloķētājs. Nepārslogo procesoru un atmiņu.","creator":"Raymond Hill & contributors","developers":null,"translators":null,"contributors":null,"locales":["lv"]},{"name":"uBlock Origin","description":"Erfin, ur stanker saotradurioù efedus hag a zouj d'ho reizhiad korvoiñ ha d'ho memor.","creator":"Raymond Hill & contributors","developers":null,"translators":null,"contributors":null,"locales":["br-FR"]},{"name":"uBlock Origin","description":"Mainam na pangharang sa content. Magaan sa CPU at memorya.","creator":"Raymond Hill & contributors","developers":null,"translators":null,"contributors":null,"locales":["fil"]},{"name":"uBlock Origin","description":"Konačno, efikasan blokator. Lak na CPU i memoriji.","creator":"Raymond Hill & contributors","developers":null,"translators":null,"contributors":null,"locales":["hr"]},{"name":"uBlock Origin","description":"Viimeinkin tehokas estotyökalu, joka ei kuormita prosessoria ja muistia.","creator":"Raymond Hill & contributors","developers":null,"translators":null,"contributors":null,"locales":["fi"]},{"name":"uBlock Origin","description":"Жарнамаларды жақсы өшіретін Addon'дардың бірі. Компьютердің қуатың аз алады.","creator":"Raymond Hill & contributors","developers":null,"translators":null,"contributors":null,"locales":["kk"]},{"name":"uBlock Origin","description":"Нарэшце, эфектыўны блакавальнік. Не нагружае працэсар і памяць.","creator":"Raymond Hill & contributors","developers":null,"translators":null,"contributors":null,"locales":["be"]},{"name":"uBlock Origin","description":"În sfârșit, un blocant eficient. Are un impact mic asupra procesorului și memoriei.","creator":"Raymond Hill & contributors","developers":null,"translators":null,"contributors":null,"locales":["ro"]},{"name":"uBlock Origin","description":"Konačno, efikasan bloker. Štedljiv na procesoru i memoriji.","creator":"Raymond Hill & contributors","developers":null,"translators":null,"contributors":null,"locales":["bs"]},{"name":"uBlock Origin","description":"અંતે, એક કાર્યક્ષમ અવરોધક. સીપીયુ અને મેમરી પર સરળ.","creator":"Raymond Hill & contributors","developers":null,"translators":null,"contributors":null,"locales":["gu"]},{"name":"uBlock Origin","description":"Επιτέλους, ένας αποτελεσματικός blocker. Ελαφρύς για τον επεξεργαστή και τη μνήμη.","creator":"Raymond Hill & contributors","developers":null,"translators":null,"contributors":null,"locales":["el"]},{"name":"uBlock Origin","description":"Por fin, un bloqueador eficiente con uso mínimo de procesador y memoria.","creator":"Raymond Hill & contributors","developers":null,"translators":null,"contributors":null,"locales":["es"]},{"name":"uBlock Origin","description":"Finalmente, um bloqueador eficiente. Com baixo uso de CPU e memória.","creator":"Raymond Hill & contributors","developers":null,"translators":null,"contributors":null,"locales":["pt-BR"]},{"name":"uBlock Origin","description":"終於，有一款僅使用少量 CPU 及記憶體的高效能攔截器。","creator":"Raymond Hill & contributors","developers":null,"translators":null,"contributors":null,"locales":["zh-TW"]},{"name":"uBlock Origin","description":"סוף סוף, חוסם יעיל. קל על המעבד והזיכרון.","creator":"Raymond Hill & contributors","developers":null,"translators":null,"contributors":null,"locales":["he"]},{"name":"uBlock Origin","description":"Endelig en effektiv blocker. Lavt CPU- og hukommelsesforbrug.","creator":"Raymond Hill & contributors","developers":null,"translators":null,"contributors":null,"locales":["da"]},{"name":"uBlock Origin","description":"Sonunda, etkili bir engelleyici. İşlemciyi ve belleği yormaz.","creator":"Raymond Hill & contributors","developers":null,"translators":null,"contributors":null,"locales":["tr"]},{"name":"uBlock Origin","description":"Eindelijk, een efficiënte adblocker. Gebruikt weinig processorkracht en geheugen.","creator":"Raymond Hill & contributors","developers":null,"translators":null,"contributors":null,"locales":["nl"]},{"name":"uBlock Origin","description":"Վերջապե՛ս, արդյունավետ արգելափակիչ։ Խնայում է մշակիչը և հիշողությունը։","creator":"Raymond Hill & contributors","developers":null,"translators":null,"contributors":null,"locales":["hy"]}],"targetApplications":[{"id":"toolkit@mozilla.org","minVersion":"78.0","maxVersion":null}],"targetPlatforms":[],"signedState":2,"signedTypes":[2,1],"signedDate":1737124466000,"seen":true,"dependencies":[],"incognito":"spanning","userPermissions":{"permissions":["alarms","dns","menus","privacy","storage","tabs","unlimitedStorage","webNavigation","webRequest","webRequestBlocking"],"origins":["<all_urls>","http://*/*","https://*/*","file://*/*","https://easylist.to/*","https://*.fanboy.co.nz/*","https://filterlists.com/*","https://forums.lanik.us/*","https://github.com/*","https://*.github.io/*","https://github.com/uBlockOrigin/*","https://ublockorigin.github.io/*","https://*.reddit.com/r/uBlockOrigin/*"]},"optionalPermissions":{"permissions":[],"origins":[]},"requestedPermissions":{"permissions":[],"origins":[]},"icons":{"16":"img/ublock.svg","32":"img/ublock.svg","48":"img/ublock.svg","64":"img/ublock.svg","96":"img/ublock.svg","128":"img/ublock.svg"},"iconURL":null,"blocklistAttentionDismissed":false,"blocklistState":0,"blocklistURL":null,"startupData":null,"hidden":false,"installTelemetryInfo":{"source":"amo","sourceURL":"https://addons.mozilla.org/tr/firefox/addon/ublock-origin/?utm_source=addons.mozilla.org&utm_medium=referral&utm_content=search","method":"amWebAPI"},"recommendationState":{"validNotAfter":1894912465000,"validNotBefore":1737124465000,"states":["recommended","recommended-android"]},"rootURI":"jar:file:///home/etapadmin/.mozilla/firefox/dizm4pj5.default-release/extensions/uBlock0@raymondhill.net.xpi!/","location":"app-profile"},{"id":"{036a55b4-5e72-4d05-a06c-cba2dfcc134a}","syncGUID":"{bfe4c1da-6ede-4fc9-b6d5-781f802e01a9}","version":"10.0.1.1","type":"extension","loader":null,"updateURL":null,"installOrigins":null,"manifestVersion":2,"optionsURL":"/options/options.html","optionsType":5,"optionsBrowserStyle":false,"aboutURL":null,"defaultLocale":{"name":"TWP - Translate Web Pages","description":"Translate your page in real time using Google or Yandex.","creator":null,"homepageURL":"https://github.com/FilipePS/Traduzir-paginas-web","developers":null,"translators":null,"contributors":null},"visible":true,"active":true,"userDisabled":false,"appDisabled":false,"embedderDisabled":false,"installDate":1738089156737,"updateDate":1738089156737,"applyBackgroundUpdates":1,"path":"/home/etapadmin/.mozilla/firefox/dizm4pj5.default-release/extensions/{036a55b4-5e72-4d05-a06c-cba2dfcc134a}.xpi","skinnable":false,"sourceURI":"https://addons.mozilla.org/firefox/downloads/file/4245500/traduzir_paginas_web-10.0.1.1.xpi","releaseNotesURI":null,"softDisabled":false,"foreignInstall":false,"strictCompatibility":true,"locales":[{"name":"TWP - Translate Web Pages","description":"Translate your page in real time using Google or Yandex.","creator":null,"homepageURL":"https://github.com/FilipePS/Traduzir-paginas-web","developers":null,"translators":null,"contributors":null,"locales":["en"]},{"name":"TWP - Translate Web Pages","description":"GoogleやYandexを使ってリアルタイムでページを翻訳します。","creator":null,"homepageURL":"https://github.com/FilipePS/Traduzir-paginas-web","developers":null,"translators":null,"contributors":null,"locales":["ja"]},{"name":"TWP - Translate Web Pages","description":"Traduza sua página em tempo real usando o Google ou Yandex.","creator":null,"homepageURL":"https://github.com/FilipePS/Traduzir-paginas-web","developers":null,"translators":null,"contributors":null,"locales":["pt-PT"]},{"name":"TWP - Translate Web Pages","description":"Traduisez votre page en temps réel grâce à Google ou Yandex.","creator":null,"homepageURL":"https://github.com/FilipePS/Traduzir-paginas-web","developers":null,"translators":null,"contributors":null,"locales":["fr"]},{"name":"TWP - Translate Web Pages","description":"গুগোল বা ইয়ান্দেক্স ব্যবহার করে সরাসরি আপনার সামনে পৃষ্ঠা অনুবাদ করুন।","creator":null,"homepageURL":"https://github.com/FilipePS/Traduzir-paginas-web","developers":null,"translators":null,"contributors":null,"locales":["bn"]},{"name":"TWP - Translate Web Pages","description":"Översätt webbplatser i realtid med hjälp av Google eller Yandex.","creator":null,"homepageURL":"https://github.com/FilipePS/Traduzir-paginas-web","developers":null,"translators":null,"contributors":null,"locales":["sv"]},{"name":"TWP - Translate Web Pages","description":"Přeložte svou stránku v reálném čase pomocí Google nebo Yandex.","creator":null,"homepageURL":"https://github.com/FilipePS/Traduzir-paginas-web","developers":null,"translators":null,"contributors":null,"locales":["cs"]},{"name":"TWP - Translate Web Pages","description":"Fordítsa le az oldalt valós időben Google vagy Yandex fordítóval.","creator":null,"homepageURL":"https://github.com/FilipePS/Traduzir-paginas-web","developers":null,"translators":null,"contributors":null,"locales":["hu"]},{"name":"TWP - Translate Web Pages","description":"Þýddu síðuna þína í rauntíma með Google eða Yandex.","creator":null,"homepageURL":"https://github.com/FilipePS/Traduzir-paginas-web","developers":null,"translators":null,"contributors":null,"locales":["is"]},{"name":"TWP - Translate Web Pages","description":"Перекладіть вашу сторінку в реальному часі за допомогою Google або Yandex.","creator":null,"homepageURL":"https://github.com/FilipePS/Traduzir-paginas-web","developers":null,"translators":null,"contributors":null,"locales":["uk"]},{"name":"TWP - Translate Web Pages","description":"ترجم صفحتك في الوقت الفعلي باستخدام Google أو Yandex.","creator":null,"homepageURL":"https://github.com/FilipePS/Traduzir-paginas-web","developers":null,"translators":null,"contributors":null,"locales":["ar"]},{"name":"TWP - Translate Web Pages","description":"Dịch trang của bạn trong thời gian thực sử dụng Google hoặc Yandex. ","creator":null,"homepageURL":"https://github.com/FilipePS/Traduzir-paginas-web","developers":null,"translators":null,"contributors":null,"locales":["vi"]},{"name":"TWP - Translate Web Pages","description":"Google ᱟᱨᱵᱟᱝ Yandex ᱛᱮ ᱟᱢᱟᱜ ᱥᱟᱦᱴᱟ ᱱᱤᱛ ᱟᱨ ᱱᱤᱛ ᱫᱮᱠᱷᱟᱣ ᱞᱮᱠᱷᱟᱛᱮ ᱛᱟᱨᱡᱚᱢᱟᱭ ᱢᱮ ᱾","creator":null,"homepageURL":"https://github.com/FilipePS/Traduzir-paginas-web","developers":null,"translators":null,"contributors":null,"locales":["sat"]},{"name":"TWP - Translate Web Pages","description":"Google 또는 Yandex를 사용하여 실시간으로 페이지를 번역하세요.","creator":null,"homepageURL":"https://github.com/FilipePS/Traduzir-paginas-web","developers":null,"translators":null,"contributors":null,"locales":["ko"]},{"name":"TWP - Translate Web Pages","description":"Traduci la tua pagina in tempo reale utilizzando Google o Yandex.","creator":null,"homepageURL":"https://github.com/FilipePS/Traduzir-paginas-web","developers":null,"translators":null,"contributors":null,"locales":["it"]},{"name":"TWP - Translate Web Pages","description":"Oversett siden din i sanntid ved hjelp av Google eller Yandex.","creator":null,"homepageURL":"https://github.com/FilipePS/Traduzir-paginas-web","developers":null,"translators":null,"contributors":null,"locales":["no"]},{"name":"TWP - Translate Web Pages","description":"Google या Yandex का उपयोग करके वास्तविक समय में अपने पृष्ठ का अनुवाद करें।","creator":null,"homepageURL":"https://github.com/FilipePS/Traduzir-paginas-web","developers":null,"translators":null,"contributors":null,"locales":["hi"]},{"name":"TWP - Translate Web Pages","description":"แปลหน้าเว็บแบบเรียลไทม์โดยใช้ Google หรือ Yandex","creator":null,"homepageURL":"https://github.com/FilipePS/Traduzir-paginas-web","developers":null,"translators":null,"contributors":null,"locales":["th"]},{"name":"TWP - Translate Web Pages","description":"Übersetzen Sie Ihre Seite in Echtzeit mit Google oder Yandex.","creator":null,"homepageURL":"https://github.com/FilipePS/Traduzir-paginas-web","developers":null,"translators":null,"contributors":null,"locales":["de"]},{"name":"TWP - Translate Web Pages","description":"Traduïu la vostra web en temps real amb Google o Yandex.","creator":null,"homepageURL":"https://github.com/FilipePS/Traduzir-paginas-web","developers":null,"translators":null,"contributors":null,"locales":["ca"]},{"name":"TWP - Translate Web Pages","description":"Преведите своју страницу у реалном времену користећи Гоогле или Иандек.","creator":null,"homepageURL":"https://github.com/FilipePS/Traduzir-paginas-web","developers":null,"translators":null,"contributors":null,"locales":["sr"]},{"name":"TWP - Translate Web Pages","description":"Vertaal jou bladsy intyds met Google of Yandex.","creator":null,"homepageURL":"https://github.com/FilipePS/Traduzir-paginas-web","developers":null,"translators":null,"contributors":null,"locales":["af"]},{"name":"TWP - Translate Web Pages","description":"صفحه‌ی خود را بی‌درنگ با استفاده از Google یا Yandex ترجمه کنید.","creator":null,"homepageURL":"https://github.com/FilipePS/Traduzir-paginas-web","developers":null,"translators":null,"contributors":null,"locales":["fa"]},{"name":"TWP - Translate Web Pages","description":"使用 Google 或 Yandex 实时翻译您的页面。","creator":null,"homepageURL":"https://github.com/FilipePS/Traduzir-paginas-web","developers":null,"translators":null,"contributors":null,"locales":["zh-CN"]},{"name":"TWP - Translate Web Pages","description":"Перевод страниц в режиме реального времени с помощью Google или Яндекс.","creator":null,"homepageURL":"https://github.com/FilipePS/Traduzir-paginas-web","developers":null,"translators":null,"contributors":null,"locales":["ru"]},{"name":"TWP - Translate Web Pages","description":"Przetłumacz swoją stronę w czasie rzeczywistym za pomocą Google lub Yandex.","creator":null,"homepageURL":"https://github.com/FilipePS/Traduzir-paginas-web","developers":null,"translators":null,"contributors":null,"locales":["pl"]},{"name":"TWP - Translate Web Pages","description":"Google ياكى Yandex ئارقىلىق بېتىڭىزنى ھەقىقىي تەرجىمە قىلىڭ.","creator":null,"homepageURL":"https://github.com/FilipePS/Traduzir-paginas-web","developers":null,"translators":null,"contributors":null,"locales":["ug"]},{"name":"TWP - Translate Web Pages","description":"Google yamasa Yandex járdeminde real waqıtta betlerdi awdarmalaw.","creator":null,"homepageURL":"https://github.com/FilipePS/Traduzir-paginas-web","developers":null,"translators":null,"contributors":null,"locales":["kaa"]},{"name":"TWP - Translate Web Pages","description":"Prevedite spletne strani v realnem času z uporabo storitev Google ali Yandex.","creator":null,"homepageURL":"https://github.com/FilipePS/Traduzir-paginas-web","developers":null,"translators":null,"contributors":null,"locales":["sl"]},{"name":"TWP - Translate Web Pages","description":"Lapu tulkošana reāllaikā, izmantojot Google vai Yandex dzinējus.","creator":null,"homepageURL":"https://github.com/FilipePS/Traduzir-paginas-web","developers":null,"translators":null,"contributors":null,"locales":["lv"]},{"name":"TWP - Translate Web Pages","description":"Prevodi stranice izravno koristeći Google ili Yandex.","creator":null,"homepageURL":"https://github.com/FilipePS/Traduzir-paginas-web","developers":null,"translators":null,"contributors":null,"locales":["hr"]},{"name":"TWP - Translate Web Pages","description":"Käännä verkkosivu lennossa Googlella tai Yandexilla.","creator":null,"homepageURL":"https://github.com/FilipePS/Traduzir-paginas-web","developers":null,"translators":null,"contributors":null,"locales":["fi"]},{"name":"TWP - Translate Web Pages","description":"Tradu pagina în timp real folosind Google sau Yandex.","creator":null,"homepageURL":"https://github.com/FilipePS/Traduzir-paginas-web","developers":null,"translators":null,"contributors":null,"locales":["ro"]},{"name":"TWP - Translate Web Pages","description":"Μετάφραση της σελίδας σας άμεσα με χρήση Google ή Yandex.","creator":null,"homepageURL":"https://github.com/FilipePS/Traduzir-paginas-web","developers":null,"translators":null,"contributors":null,"locales":["el"]},{"name":"TWP - Translate Web Pages","description":"Traduzca su página en tiempo real usando Google o Yandex.","creator":null,"homepageURL":"https://github.com/FilipePS/Traduzir-paginas-web","developers":null,"translators":null,"contributors":null,"locales":["es"]},{"name":"TWP - Translate Web Pages","description":"Traduz sua página em tempo real pelo Google ou Yandex.","creator":null,"homepageURL":"https://github.com/FilipePS/Traduzir-paginas-web","developers":null,"translators":null,"contributors":null,"locales":["pt-BR"]},{"name":"TWP - Translate Web Pages","description":"使用 Google 或 Yandex 即時翻譯您的網頁。","creator":null,"homepageURL":"https://github.com/FilipePS/Traduzir-paginas-web","developers":null,"translators":null,"contributors":null,"locales":["zh-TW"]},{"name":"TWP - Translate Web Pages","description":"תרגום דפי האינטרנט בזמן אמת באמצעות גוגל או יאנדקס.","creator":null,"homepageURL":"https://github.com/FilipePS/Traduzir-paginas-web","developers":null,"translators":null,"contributors":null,"locales":["he"]},{"name":"TWP - Translate Web Pages","description":"Oversæt din side i realtid via Google eller Yandex.","creator":null,"homepageURL":"https://github.com/FilipePS/Traduzir-paginas-web","developers":null,"translators":null,"contributors":null,"locales":["da"]},{"name":"TWP - Translate Web Pages","description":"Google veya Yandex kullanarak sayfanızı gerçek zamanlı olarak çevirin.","creator":null,"homepageURL":"https://github.com/FilipePS/Traduzir-paginas-web","developers":null,"translators":null,"contributors":null,"locales":["tr"]},{"name":"TWP - Translate Web Pages","description":"Vertaal uw pagina in realtime met Google of Yandex.","creator":null,"homepageURL":"https://github.com/FilipePS/Traduzir-paginas-web","developers":null,"translators":null,"contributors":null,"locales":["nl"]}],"targetApplications":[{"id":"toolkit@mozilla.org","minVersion":"64.0","maxVersion":null}],"targetPlatforms":[],"signedState":2,"signedTypes":[2,0],"signedDate":1710145223000,"seen":true,"dependencies":[],"incognito":"spanning","userPermissions":{"permissions":["storage","activeTab","contextMenus","webRequest"],"origins":["<all_urls>","https://www.deepl.com/translator*"]},"optionalPermissions":{"permissions":["webNavigation"],"origins":[]},"requestedPermissions":{"permissions":[],"origins":[]},"icons":{"32":"/icons/icon-32.png","64":"/icons/icon-64.png","128":"/icons/icon-128.png"},"iconURL":null,"blocklistAttentionDismissed":false,"blocklistState":0,"blocklistURL":null,"startupData":null,"hidden":false,"installTelemetryInfo":{"source":"amo","sourceURL":"https://addons.mozilla.org/tr/firefox/addon/traduzir-paginas-web/","method":"amWebAPI"},"recommendationState":null,"rootURI":"jar:file:///home/etapadmin/.mozilla/firefox/dizm4pj5.default-release/extensions/%7B036a55b4-5e72-4d05-a06c-cba2dfcc134a%7D.xpi!/","location":"app-profile"}]}